{
  "id": "java-hardcoded-readme-api-token",
  "name": "Hardcoded API Token using ReadMe",
  "severity": "HIGH",
  "category": "Security Error",
  "language": [
    "JAVA"
  ],
  "cwe": [
    "https://cwe.mitre.org/data/definitions/798.html"
  ],
  "description": "Hardcoded ReadMe API token vulnerability. API tokens embedded directly in source code can be extracted by anyone with access to the codebase, version control history, or compiled artifacts, allowing unauthorized access to ReadMe services and potential data exposure. Store credentials securely using environment variables (System.getenv(\"README_API_TOKEN\")), configuration files outside the codebase, or a dedicated secret management system like AWS Secrets Manager or HashiCorp Vault.",
  "risk": "",
  "issue": "",
  "advice": "Store ReadMe API tokens in environment variables using System.getenv(\"README_API_TOKEN\") or secure configuration files outside the codebase. Use dedicated secret management systems like AWS Secrets Manager or HashiCorp Vault for production environments. Never commit API tokens to version control.",
  "vendor": "opengrep"
}
