{
  "id": "java-spring-csrf-disabled",
  "name": "CSRF Protection Disabled using Spring",
  "severity": "MEDIUM",
  "category": "Security Error",
  "language": [
    "JAVA"
  ],
  "cwe": [
    "https://cwe.mitre.org/data/definitions/352.html"
  ],
  "description": "CSRF (Cross-Site Request Forgery) protection is disabled in Spring Security configuration. This vulnerability allows attackers to trick authenticated users into performing unintended actions by submitting malicious requests from external sites. Attackers can exploit this to change passwords, transfer funds, or perform other state-changing operations without user consent. Enable CSRF protection by removing .disable() calls, or implement equivalent anti-CSRF measures such as custom token validation for state-changing operations.",
  "risk": "",
  "issue": "",
  "advice": "Remove .csrf().disable() from Spring Security configuration to enable default CSRF protection. For REST APIs, use stateless sessions with proper authentication tokens. If CSRF must be disabled, implement custom anti-CSRF tokens for state-changing operations.",
  "vendor": "opengrep"
}
