{
  "id": "java-ldap-injection-warning",
  "name": "LDAP Injection using Java LDAP",
  "severity": "HIGH",
  "category": "Security Warning",
  "language": [
    "JAVA"
  ],
  "cwe": [
    "https://cwe.mitre.org/data/definitions/90.html"
  ],
  "description": "Method parameter flows to LDAP operation. This method accepts a parameter that reaches an LDAP sink. While not necessarily a vulnerability (the caller may pass safe values), this is a risky code pattern. Consider escaping LDAP special characters.",
  "risk": "",
  "issue": "",
  "advice": "Escape LDAP special characters in user input using proper encoding functions before passing to search() or lookup() methods. Use parameterized LDAP filters when possible. Validate input against allowlists and implement proper access controls.",
  "vendor": "opengrep"
}
