{
  "id": "java-insecure-random",
  "name": "Insecure Random Number Generator",
  "severity": "HIGH",
  "category": "Security Warning",
  "language": [
    "JAVA"
  ],
  "cwe": [
    "https://cwe.mitre.org/data/definitions/330.html"
  ],
  "description": "Insecure random number generator detected. Cryptographically weak random number generators like java.util.Random, Math.random(), ThreadLocalRandom, and time-based values produce predictable output that attackers can exploit to guess session tokens, cryptographic keys, or authentication codes. Use java.security.SecureRandom for security-sensitive operations. For RandomStringUtils, pass a SecureRandom instance.",
  "risk": "",
  "issue": "",
  "advice": "Replace java.util.Random, Math.random(), and ThreadLocalRandom with java.security.SecureRandom for security-sensitive operations.",
  "vendor": "opengrep"
}
