{
  "id": "java-salesforce-use-assert-class",
  "name": "Deprecated Assert Methods using Salesforce",
  "severity": "CRITICAL",
  "category": "best-practice",
  "language": [
    "JAVA"
  ],
  "cwe": [
    "https://cwe.mitre.org/data/definitions/477.html"
  ],
  "description": "Deprecated System.assert methods detected in Salesforce Apex code. These legacy assertion  methods provide limited functionality and poor error reporting compared to modern alternatives.  The System.assert methods lack the rich assertion capabilities and detailed failure messages  that improve test maintainability and debugging. Use the Assert class methods instead  (Assert.assertTrue, Assert.assertEquals, Assert.assertNotNull, etc.) for better test  readability, more descriptive failure messages, and enhanced testing capabilities.",
  "risk": "",
  "issue": "",
  "advice": "Replace deprecated System.assert methods with modern Assert class methods like Assert.assertTrue(), Assert.assertEquals(), and Assert.assertNotNull(). The Assert class provides better error messages and enhanced testing capabilities. Update test methods to use these modern alternatives for improved maintainability and debugging.",
  "vendor": "opengrep"
}
