{
  "id": "java-hardcoded-database-password",
  "name": "Hardcoded Database Password using JDBC",
  "severity": "HIGH",
  "category": "Security Error",
  "language": [
    "JAVA"
  ],
  "cwe": [
    "https://cwe.mitre.org/data/definitions/259.html"
  ],
  "description": "Hardcoded database password vulnerability. Passwords embedded directly in source code can be exposed through source code access, version control systems, or application binaries, allowing unauthorized database access and potential data breaches. Store passwords securely using environment variables (System.getenv()), configuration files outside the codebase, or dedicated key management systems like AWS Secrets Manager or HashiCorp Vault.",
  "risk": "",
  "issue": "",
  "advice": "Store database passwords in environment variables using System.getenv() or external configuration files. Use connection pools with encrypted configuration or dedicated secret management systems like AWS Secrets Manager. Never embed credentials directly in source code.",
  "vendor": "opengrep"
}
