{
  "id": "java-xmlinputfactory-xxe",
  "name": "XXE using XMLInputFactory",
  "severity": "HIGH",
  "category": "Security Error",
  "language": [
    "JAVA"
  ],
  "cwe": [
    "https://cwe.mitre.org/data/definitions/611.html"
  ],
  "description": "XML External Entity (XXE) vulnerability detected in XMLInputFactory. External entities are not explicitly disabled, which could allow attackers to read local files or perform SSRF attacks. Set the \"javax.xml.stream.isSupportingExternalEntities\" property to false to disable external entities.",
  "risk": "",
  "issue": "",
  "advice": "Disable external entities by setting factory.setProperty(\"javax.xml.stream.isSupportingExternalEntities\", false) immediately after creating XMLInputFactory. Also disable DTD processing with factory.setProperty(\"javax.xml.stream.supportDTD\", false) for complete protection.",
  "vendor": "opengrep"
}
