{
  "id": "java-unicode-encoding-improper-handling",
  "name": "Improper Unicode Handling using Java",
  "severity": "MEDIUM",
  "category": "Security Error",
  "language": [
    "JAVA"
  ],
  "cwe": [
    "https://cwe.mitre.org/data/definitions/176.html"
  ],
  "description": "Improper Unicode encoding handling detected. Use proper Unicode normalization and validation before string comparisons or conversions to prevent security bypasses.",
  "risk": "",
  "issue": "",
  "advice": "Use java.text.Normalizer.normalize() with NFC or NFD form before string operations. Apply proper Unicode validation and consider using java.net.IDN for internationalized domain names. Always normalize input consistently before security-sensitive comparisons.",
  "vendor": "opengrep"
}
