{
  "id": "java-insecure-http-connection",
  "name": "Insecure HTTP Connection using Java",
  "severity": "MEDIUM",
  "category": "Security Warning",
  "language": [
    "JAVA"
  ],
  "cwe": [
    "https://cwe.mitre.org/data/definitions/319.html"
  ],
  "description": "HTTP connection detected which transmits data in cleartext. Use HTTPS to ensure data is encrypted in transit.",
  "risk": "",
  "issue": "",
  "advice": "Replace HTTP URLs with HTTPS to encrypt data in transit. Change URL constructor to use https:// protocol instead of http://. For HttpURLConnection, ensure all connections use secure HTTPS endpoints to protect sensitive data from interception.",
  "vendor": "opengrep"
}
