{
  "id": "java-crypto-weak-signature",
  "name": "Weak Digital Signature Algorithm",
  "severity": "MEDIUM",
  "category": "Security Error",
  "language": [
    "JAVA"
  ],
  "cwe": [
    "https://cwe.mitre.org/data/definitions/327.html"
  ],
  "description": "Weak signature algorithm detected using MD5 or SHA-1. These hash algorithms are cryptographically broken with known collision attacks, allowing attackers to forge digital signatures or certificates. Use SHA-256 or stronger algorithms such as SHA256withRSA, SHA384withRSA, SHA512withRSA, SHA256withECDSA, or Ed25519.",
  "risk": "",
  "issue": "",
  "advice": "Replace weak signature algorithms with SHA-256 or stronger. Use SHA256withRSA, SHA384withRSA, SHA512withRSA, or SHA256withECDSA. For modern applications, consider Ed25519 signatures.",
  "vendor": "opengrep"
}
