{
  "id": "java-jdbc-empty-password",
  "name": "Empty Password using JDBC",
  "severity": "HIGH",
  "category": "Security Error",
  "language": [
    "JAVA"
  ],
  "cwe": [
    "https://cwe.mitre.org/data/definitions/259.html"
  ],
  "description": "Database connection configured with empty password. This allows unauthorized access to the database, potentially leading to data breaches, data manipulation, or complete system compromise. Attackers can connect without authentication and access sensitive information. Configure proper authentication credentials and store them securely using a Key Management System, environment variables, or encrypted configuration files. Never hardcode passwords in source code.",
  "risk": "",
  "issue": "",
  "advice": "Configure proper authentication credentials for database connections. Store passwords securely using environment variables, encrypted configuration files, or a Key Management System. Never use empty passwords or hardcode credentials in source code.",
  "vendor": "opengrep"
}
