{
  "id": "java-sumologic-access-token",
  "name": "Hardcoded Sumo Logic Access Token",
  "severity": "HIGH",
  "category": "Security Error",
  "language": [
    "JAVA"
  ],
  "cwe": [
    "https://cwe.mitre.org/data/definitions/798.html"
  ],
  "description": "Hardcoded Sumo Logic access token detected in source code. Exposed credentials allow attackers to access your Sumo Logic account, view sensitive log data, modify dashboards, and potentially exfiltrate monitoring data or inject malicious log entries. Store credentials in environment variables, secure configuration files outside the repository, or use a secrets management service like AWS Secrets Manager, Azure Key Vault, or HashiCorp Vault instead of embedding them in source code.",
  "risk": "",
  "issue": "",
  "advice": "Store Sumo Logic access tokens in environment variables or secure configuration files outside the repository. Use secrets management services like AWS Secrets Manager, Azure Key Vault, or HashiCorp Vault. Never embed credentials directly in source code where they can be exposed in version control.",
  "vendor": "opengrep"
}
