{
  "id": "java-cookie-setsecure-false",
  "name": "Insecure Cookie Configuration using Java",
  "severity": "MEDIUM",
  "category": "Security Error",
  "language": [
    "JAVA"
  ],
  "cwe": [
    "https://cwe.mitre.org/data/definitions/319.html"
  ],
  "description": "Insecure cookie configuration detected. The secure flag is explicitly set to false, which means cookies will be transmitted over unencrypted HTTP connections. This allows attackers to intercept cookies through man-in-the-middle attacks, session hijacking, or network sniffing, potentially leading to account takeover and unauthorized access. Always set the secure flag to true with setSecure(true) to ensure cookies are only transmitted over HTTPS connections.",
  "risk": "",
  "issue": "",
  "advice": "Always set the secure flag to true using cookie.setSecure(true) to ensure cookies are only transmitted over HTTPS connections. This prevents interception through man-in-the-middle attacks and network sniffing. Consider also setting the HttpOnly flag for additional protection.",
  "vendor": "opengrep"
}
