{
  "id": "java-insecure-socket-protocols",
  "name": "Insecure Network Protocol using Java Socket",
  "severity": "MEDIUM",
  "category": "Security Warning",
  "language": [
    "JAVA"
  ],
  "cwe": [
    "https://cwe.mitre.org/data/definitions/319.html"
  ],
  "description": "Insecure network protocol detected in Socket connection. The application is using unencrypted protocols (HTTP port 80, FTP port 21, Telnet port 23, SMTP port 25,  POP3 port 110, IMAP port 143) that transmit data in plaintext, allowing attackers  to intercept credentials and sensitive data. Use secure alternatives: HTTPS (port 443),  SFTP (port 22), SSH (port 22), SMTPS (port 587/465), POP3S (port 995), IMAPS (port 993).",
  "risk": "",
  "issue": "",
  "advice": "Replace insecure Socket connections with secure alternatives: use SSLSocket for encrypted connections, HTTPS instead of HTTP, SFTP instead of FTP, and SSH instead of Telnet. For email protocols, use SMTPS (port 587/465), POP3S (port 995), and IMAPS (port 993). Always validate certificates and use TLS 1.2 or higher.",
  "vendor": "opengrep"
}
