{
  "id": "java-plaid-client-id-hardcoded",
  "name": "Hardcoded Credentials using Plaid API",
  "severity": "HIGH",
  "category": "Security Error",
  "language": [
    "JAVA"
  ],
  "cwe": [
    "https://cwe.mitre.org/data/definitions/798.html"
  ],
  "description": "Hardcoded Plaid credentials detected in source code. Embedding API credentials directly in code creates security risks including credential theft through source code exposure, version control history, and unauthorized API access leading to financial data breaches. Store Plaid client IDs, secret keys, and access tokens in environment variables, secure credential stores like AWS Secrets Manager, or configuration files excluded from version control instead of hardcoding them.",
  "risk": "",
  "issue": "",
  "advice": "Store Plaid credentials in environment variables or secure credential stores like AWS Secrets Manager instead of hardcoding them. Use System.getenv() or configuration libraries to retrieve credentials at runtime. Exclude credential files from version control and rotate any exposed credentials immediately.",
  "vendor": "opengrep"
}
