{
  "id": "java-idor-warning",
  "name": "IDOR using Java ORM",
  "severity": "MEDIUM",
  "category": "Security Warning",
  "language": [
    "JAVA"
  ],
  "cwe": [
    "https://cwe.mitre.org/data/definitions/639.html"
  ],
  "description": "Potential IDOR vulnerability. User-controlled input flows to a resource lookup method without an obvious authorization check. Attackers may manipulate the ID to access resources belonging to other users. Verify that proper ownership or permission checks exist before returning the resource. Consider using user-scoped queries like findByIdAndUserId() instead of findById().",
  "risk": "",
  "issue": "",
  "advice": "Implement proper authorization checks before resource lookups. Use user-scoped queries like findByIdAndUserId() instead of findById(). Validate that the authenticated user has permission to access the requested resource. Consider implementing access control at the service layer.",
  "vendor": "opengrep"
}
