{
  "id": "java-spring-http-request-insecure",
  "name": "Insecure HTTP Connection using Spring",
  "severity": "MEDIUM",
  "category": "Security Warning",
  "language": [
    "JAVA"
  ],
  "cwe": [
    "https://cwe.mitre.org/data/definitions/319.html"
  ],
  "description": "Insecure HTTP connection detected in Spring RestTemplate. Use HTTPS URLs to encrypt traffic and prevent man-in-the-middle attacks.",
  "risk": "",
  "issue": "",
  "advice": "Replace HTTP URLs with HTTPS in RestTemplate requests to encrypt data in transit. Update all http:// URLs to https:// in your application configuration and code. Ensure your target servers support TLS/SSL connections.",
  "vendor": "opengrep"
}
