{
  "id": "java-jdo-sqli",
  "name": "SQL Injection using JDO",
  "severity": "HIGH",
  "category": "Security Error",
  "language": [
    "JAVA"
  ],
  "cwe": [
    "https://cwe.mitre.org/data/definitions/89.html"
  ],
  "description": "SQL injection vulnerability detected in JDO query methods. Use parameterized queries instead of string concatenation.",
  "risk": "",
  "issue": "",
  "advice": "Use parameterized JDO queries instead of string concatenation. Replace setFilter() and setGrouping() with parameter placeholders and declareParameters(). Use query.setParameters() to bind values safely.",
  "vendor": "opengrep"
}
