{
  "id": "java-hibernate-sqli",
  "name": "SQL Injection using Hibernate",
  "severity": "HIGH",
  "category": "Security Error",
  "language": [
    "JAVA"
  ],
  "cwe": [
    "https://cwe.mitre.org/data/definitions/89.html"
  ],
  "description": "SQL injection vulnerability detected in Hibernate query. Use parameterized queries or Hibernate's type-safe Criteria API instead of string concatenation.",
  "risk": "",
  "issue": "",
  "advice": "Replace string concatenation in HQL queries with named parameters using query.setParameter(). Use Hibernate's type-safe Criteria API instead of Restrictions.sqlRestriction(). For complex queries, use HQL with parameterized queries to prevent SQL injection attacks.",
  "vendor": "opengrep"
}
