{
  "id": "java-unsafe-reflection",
  "name": "Unsafe Reflection using Java",
  "severity": "HIGH",
  "category": "Security Error",
  "language": [
    "JAVA"
  ],
  "cwe": [
    "https://cwe.mitre.org/data/definitions/470.html"
  ],
  "description": "Unsafe reflection allows attackers to instantiate arbitrary classes if they control the class name. Use Class.forName with hardcoded strings or validate class names against an allowlist.",
  "risk": "",
  "issue": "",
  "advice": "Use Class.forName() only with hardcoded class names or validate input against a strict allowlist of permitted classes. Consider using factory patterns or dependency injection instead of dynamic class loading. Never pass user-controlled input directly to reflection methods.",
  "vendor": "opengrep"
}
