{
  "id": "java-command-injection-env",
  "name": "Command Injection using Java Runtime",
  "severity": "HIGH",
  "category": "Security Error",
  "language": [
    "JAVA"
  ],
  "cwe": [
    "https://cwe.mitre.org/data/definitions/454.html"
  ],
  "description": "Command injection vulnerability detected in environment variables. Use ProcessBuilder with explicit arguments array instead of passing user input to environment variables.",
  "risk": "",
  "issue": "",
  "advice": "Use ProcessBuilder with separate argument arrays instead of Runtime.exec() with environment variables. Validate and sanitize all user input before passing to environment variables. Consider using allowlists for acceptable environment variable values.",
  "vendor": "opengrep"
}
