{
  "id": "java-mongodb-nosql-injection",
  "name": "NoSQL Injection using MongoDB",
  "severity": "MEDIUM",
  "category": "Security Error",
  "language": [
    "JAVA"
  ],
  "cwe": [
    "https://cwe.mitre.org/data/definitions/943.html"
  ],
  "description": "NoSQL injection vulnerability detected in MongoDB 'where' operator usage. Use MongoDB's type-safe query methods like Filters.eq() instead of the 'where' operator with dynamic input.",
  "risk": "",
  "issue": "",
  "advice": "Replace MongoDB's '$where' operator with type-safe query methods like Filters.eq(), Filters.regex(), or Filters.and(). Use parameterized queries with the MongoDB Java driver's query builders. Avoid constructing queries from user input strings or using BasicDBObject.parse() with untrusted data.",
  "vendor": "opengrep"
}
