{
  "id": "java-struts-always-select-full-namespace",
  "name": "Namespace Confusion using Struts",
  "severity": "HIGH",
  "category": "Security Error",
  "language": [
    "GENERIC"
  ],
  "cwe": [
    "https://cwe.mitre.org/data/definitions/16.html"
  ],
  "description": "Namespace confusion vulnerability in Struts configuration. The alwaysSelectFullNamespace  setting is enabled (true/1), which can allow attackers to bypass security controls by  manipulating namespace resolution in action mappings. This can lead to unauthorized  access to actions or bypassing of security constraints. Set this constant to false  or remove it entirely to use the secure default behavior.",
  "risk": "",
  "issue": "",
  "advice": "Set alwaysSelectFullNamespace to false or remove the constant entirely to use the secure default. This prevents attackers from manipulating namespace resolution to bypass security controls. Review action mappings to ensure proper namespace isolation is maintained.",
  "vendor": "opengrep"
}
