{
  "id": "java-crypto-static-iv",
  "name": "Static Initialization Vector (IV)",
  "severity": "MEDIUM",
  "category": "Security Error",
  "language": [
    "JAVA"
  ],
  "cwe": [
    "https://cwe.mitre.org/data/definitions/329.html"
  ],
  "description": "Static or reused initialization vector (IV) / nonce detected. Using a fixed IV makes encryption predictable, allowing attackers to detect patterns, perform cryptanalysis, or break encryption entirely. With GCM mode, nonce reuse completely breaks security. Generate a cryptographically random IV/nonce for each encryption operation using SecureRandom.",
  "risk": "",
  "issue": "",
  "advice": "Generate a random IV for each encryption operation using SecureRandom. For GCM, use a 12-byte nonce. For CBC, use a 16-byte IV. Example: SecureRandom sr = new SecureRandom(); byte[] iv = new byte[12]; sr.nextBytes(iv);",
  "vendor": "opengrep"
}
