{
  "id": "java-insecure-smtp-config",
  "name": "Insecure SMTP Config using Apache Commons",
  "severity": "MEDIUM",
  "category": "Security Error",
  "language": [
    "JAVA"
  ],
  "cwe": [
    "https://cwe.mitre.org/data/definitions/297.html"
  ],
  "description": "Insecure SMTP configuration vulnerability detected. SSL server identity verification  is disabled, allowing man-in-the-middle (MITM) attacks where attackers can intercept  email communications, steal credentials, or inject malicious content. Without server  identity verification, the application cannot verify it's connecting to the legitimate  SMTP server. Always enable both SSL connection and server identity verification by  calling setSSLOnConnect(true) followed by setSSLCheckServerIdentity(true) to ensure  secure email transmission and prevent credential theft.",
  "risk": "",
  "issue": "",
  "advice": "Enable SSL connection and server identity verification by calling setSSLOnConnect(true) followed by setSSLCheckServerIdentity(true) on your Email object. This prevents man-in-the-middle attacks during SMTP communication. Always verify both SSL connection and server identity for secure email transmission.",
  "vendor": "opengrep"
}
