{
  "id": "java-slack-webhook-url",
  "name": "Hardcoded Slack Webhook URL using Java",
  "severity": "HIGH",
  "category": "Security Error",
  "language": [
    "JAVA"
  ],
  "cwe": [
    "https://cwe.mitre.org/data/definitions/798.html"
  ],
  "description": "Slack webhook URL detected in code. Store webhook URLs in environment variables or secure configuration files instead of hardcoding them.",
  "risk": "",
  "issue": "",
  "advice": "Store Slack webhook URLs in environment variables using System.getenv() or secure configuration files. Use a secrets management service for production environments. Never commit webhook URLs to version control as they provide direct access to your Slack workspace.",
  "vendor": "opengrep"
}
