{
  "id": "java-expression-injection-warning",
  "name": "Expression Injection using Java",
  "severity": "HIGH",
  "category": "Security Warning",
  "language": [
    "JAVA"
  ],
  "cwe": [
    "https://cwe.mitre.org/data/definitions/917.html"
  ],
  "description": "Method parameter flows to expression evaluation. This method accepts a parameter that reaches an expression engine sink. While not necessarily a vulnerability (the caller may pass safe values), this is a risky code pattern. Avoid evaluating user-controlled expressions.",
  "risk": "",
  "issue": "",
  "advice": "Avoid evaluating user-controlled expressions entirely. Use allowlists for permitted operations instead of dynamic evaluation. If expression evaluation is required, sanitize input strictly and use sandboxed evaluation contexts with limited permissions.",
  "vendor": "opengrep"
}
