{
  "id": "java-hibernate-email-annotation-field",
  "name": "",
  "severity": "HIGH",
  "category": "Security Warning",
  "language": [
    "JAVA"
  ],
  "cwe": [],
  "description": "Insufficient email validation vulnerability. Fields annotated with @Email use Hibernate validator  which accepts RFC-compliant but complex email syntax including encoded personal names, comments,  and complex addressing that may bypass application-level validation. Attackers can use this to  submit emails that pass validation but contain unexpected content. Review any domain extraction  or trust logic that processes this field and implement additional validation using proper  email canonicalization libraries.",
  "risk": "",
  "issue": "",
  "advice": "",
  "vendor": "opengrep"
}
