{
  "id": "java-squarespace-access-token",
  "name": "Hardcoded Squarespace Token",
  "severity": "HIGH",
  "category": "Security Error",
  "language": [
    "JAVA"
  ],
  "cwe": [
    "https://cwe.mitre.org/data/definitions/798.html"
  ],
  "description": "Hardcoded Squarespace access token detected in source code. Embedding API credentials directly in code creates serious security risks: tokens can be exposed through version control history, application logs, or memory dumps, allowing unauthorized access to Squarespace APIs and potential data breaches. Store credentials securely using environment variables (System.getenv(\"SQUARESPACE_TOKEN\")), configuration files outside the codebase, or dedicated secret management services like AWS Secrets Manager or HashiCorp Vault.",
  "risk": "",
  "issue": "",
  "advice": "Remove hardcoded tokens from source code and use environment variables with System.getenv(\"SQUARESPACE_TOKEN\"). Store credentials in secure configuration files outside the codebase or use dedicated secret management services like AWS Secrets Manager. Rotate any exposed tokens immediately.",
  "vendor": "opengrep"
}
