{
  "id": "java-http-response-splitting",
  "name": "HTTP Response Splitting using Java Servlet",
  "severity": "MEDIUM",
  "category": "Security Warning",
  "language": [
    "JAVA"
  ],
  "cwe": [
    "https://cwe.mitre.org/data/definitions/113.html"
  ],
  "description": "HTTP response splitting vulnerability detected. HTTP parameters are being written directly to HTTP headers without proper validation. Use input validation to remove or encode CRLF sequences before setting header values.",
  "risk": "",
  "issue": "",
  "advice": "Validate and sanitize user input before setting HTTP headers by removing or encoding CRLF sequences (\\r\\n). Use URLEncoder.encode() or OWASP Encoder library methods like Encode.forUri(). Implement input validation to reject requests containing newline characters in header values.",
  "vendor": "opengrep"
}
