{
  "id": "java-avoid-dml-in-loops",
  "name": "Resource Exhaustion using Salesforce",
  "severity": "HIGH",
  "category": "best-practice",
  "language": [
    "JAVA"
  ],
  "cwe": [
    "https://cwe.mitre.org/data/definitions/400.html"
  ],
  "description": "DML operation found inside a loop which will hit Salesforce governor limits and cause performance issues. Each DML statement consumes governor limits (150 DML statements per transaction), and performing DML in loops can quickly exhaust these limits causing runtime exceptions. Additionally, individual DML operations are much slower than bulk operations. Collect records into a List and perform DML operations outside the loop using bulk operations like 'insert recordList' or 'Database.insert(recordList, false)' for better error handling.",
  "risk": "",
  "issue": "",
  "advice": "Move DML operations outside loops and use bulk operations. Collect records into a List within the loop, then perform single DML operations like 'insert recordList' or 'Database.insert(recordList, false)' after the loop completes.",
  "vendor": "opengrep"
}
