{
  "id": "java-self-comparison",
  "name": "Self-Comparison Logic Error using Java",
  "severity": "HIGH",
  "category": "correctness",
  "language": [
    "JAVA"
  ],
  "cwe": [
    "https://cwe.mitre.org/data/definitions/670.html"
  ],
  "description": "Self-comparison detected: a variable is being compared to itself ($X == $X or $X != $X). This comparison will always evaluate to true or false respectively, indicating a potential logic error or typo in variable names. For floating-point NaN detection, use Double.isNaN() or Float.isNaN() instead of self-comparison. For other cases, verify the variable names are correct and you're comparing the intended values.",
  "risk": "",
  "issue": "",
  "advice": "Review the comparison logic to ensure you're comparing the intended variables. If checking for NaN values, use Double.isNaN() or Float.isNaN() instead of self-comparison. Verify variable names are correct and not duplicated due to copy-paste errors.",
  "vendor": "opengrep"
}
