{
  "id": "java-databricks-api-token",
  "name": "Hardcoded Databricks API Token",
  "severity": "HIGH",
  "category": "Security Error",
  "language": [
    "JAVA"
  ],
  "cwe": [
    "https://cwe.mitre.org/data/definitions/798.html"
  ],
  "description": "Hardcoded Databricks API token detected. Store credentials in environment variables or a secure vault instead of source code.",
  "risk": "",
  "issue": "",
  "advice": "Store Databricks API tokens in environment variables or a secure vault like AWS Secrets Manager. Use System.getenv() to retrieve tokens at runtime. Never commit credentials to source code repositories.",
  "vendor": "opengrep"
}
