{
  "id": "java-sql-injection-formatted-string",
  "name": "SQL Injection using JDBC",
  "severity": "HIGH",
  "category": "Security Error",
  "language": [
    "JAVA"
  ],
  "cwe": [
    "https://cwe.mitre.org/data/definitions/89.html"
  ],
  "description": "SQL injection vulnerability detected through string formatting or concatenation. Use PreparedStatement with parameterized queries instead of building SQL strings dynamically.",
  "risk": "",
  "issue": "",
  "advice": "Use PreparedStatement with parameterized queries instead of string concatenation or formatting. Replace dynamic SQL construction with ps.setString(index, value) for all user inputs. Never concatenate user data directly into SQL strings.",
  "vendor": "opengrep"
}
