{
  "id": "java-assert-used",
  "name": "Assert Statement using Java",
  "severity": "MEDIUM",
  "category": "Security Warning",
  "language": [
    "JAVA"
  ],
  "cwe": [
    "https://cwe.mitre.org/data/definitions/703.html"
  ],
  "description": "Assert statement detected. Assertions can be disabled at runtime with -da flag, potentially removing security checks. Use proper exception handling or validation instead.",
  "risk": "",
  "issue": "",
  "advice": "Replace assert statements with proper exception handling using if-conditions and throwing IllegalArgumentException or similar exceptions. Use validation frameworks like Bean Validation for input checking. This ensures security checks remain active in production environments.",
  "vendor": "opengrep"
}
