{
  "id": "java-string-reference-comparison",
  "name": "Timing Attack using String Comparison",
  "severity": "MEDIUM",
  "category": "Security Warning",
  "language": [
    "JAVA"
  ],
  "cwe": [
    "https://cwe.mitre.org/data/definitions/208.html"
  ],
  "description": "String comparison using reference equality (==) detected on security-sensitive values. Use MessageDigest.isEqual() or constant-time comparison methods to prevent timing attacks.",
  "risk": "",
  "issue": "",
  "advice": "Use MessageDigest.isEqual() for constant-time comparison of sensitive strings like passwords, tokens, and API keys. Alternatively, use secure comparison libraries like Apache Commons Codec's StringUtils.equals() with timing-safe implementations. Avoid == operator for security-sensitive string comparisons as it enables timing attacks.",
  "vendor": "opengrep"
}
