{
  "id": "java-crypto-weak-cipher-rc4",
  "name": "Weak RC4 Stream Cipher",
  "severity": "MEDIUM",
  "category": "Security Error",
  "language": [
    "JAVA"
  ],
  "cwe": [
    "https://cwe.mitre.org/data/definitions/327.html"
  ],
  "description": "Weak RC4 (ARC4/ARCFOUR) stream cipher detected. RC4 has known statistical biases and is prohibited by RFC 7465 for TLS. Use AES-256-GCM or ChaCha20-Poly1305 for secure authenticated encryption.",
  "risk": "",
  "issue": "",
  "advice": "Replace RC4 with AES-256-GCM for authenticated encryption. Example: Cipher.getInstance(\"AES/GCM/NoPadding\").",
  "vendor": "opengrep"
}
