{
  "id": "java-google-service-account-type-detected",
  "name": "Hardcoded Service Account using Google Cloud",
  "severity": "HIGH",
  "category": "Security Error",
  "language": [
    "JAVA"
  ],
  "cwe": [
    "https://cwe.mitre.org/data/definitions/798.html"
  ],
  "description": "Google Cloud service account configuration detected in source code. Store service account credentials in secure configuration files or environment variables instead of hardcoding them.",
  "risk": "",
  "issue": "",
  "advice": "Store Google Cloud service account credentials in secure configuration files, environment variables, or use Google's Application Default Credentials (ADC). Never hardcode service account keys in source code. Use Google Secret Manager for production environments.",
  "vendor": "opengrep"
}
