{
  "id": "java-ai-sdk-usage",
  "name": "AI/LLM SDK Usage Detection",
  "severity": "MEDIUM",
  "category": "Security Warning",
  "language": [
    "JAVA"
  ],
  "cwe": [
    "https://cwe.mitre.org/data/definitions/200.html"
  ],
  "description": "AI/LLM SDK usage detected. Sending data to AI services can expose sensitive information, violate data privacy regulations (GDPR, CCPA, HIPAA), and create compliance risks. Data sent may be stored, processed, or used for model training. Ensure API keys are securely stored (not hardcoded), implement data sanitization to remove PII before API calls, review provider data usage policies, and consider on-premises AI solutions for sensitive workloads.",
  "risk": "",
  "issue": "",
  "advice": "Store API keys in environment variables or secrets managers, never hardcode. Implement data sanitization to remove PII before sending to AI services. Review provider data retention and training policies.",
  "vendor": "opengrep"
}
