{
  "id": "java-ssl-insecure-tls-versions",
  "name": "Insecure TLS Configuration using Apache HTTP",
  "severity": "MEDIUM",
  "category": "Security Error",
  "language": [
    "JAVA"
  ],
  "cwe": [
    "https://cwe.mitre.org/data/definitions/319.html"
  ],
  "description": "Insecure TLS configuration detected. Configure SSLConnectionSocketFactory to only allow TLS 1.2 and 1.3 protocols.",
  "risk": "",
  "issue": "",
  "advice": "Configure SSLConnectionSocketFactory to explicitly specify secure TLS versions: new SSLConnectionSocketFactory(..., new String[] {\"TLSv1.2\", \"TLSv1.3\"}, ...). Alternatively, use TlsConfig.custom().setSupportedProtocols() with TLS.V_1_2 or TLS.V_1_3 when building HttpClientConnectionManager.",
  "vendor": "opengrep"
}
