{
  "id": "java-email-domain-endswith",
  "name": "",
  "severity": "HIGH",
  "category": "Security Warning",
  "language": [
    "JAVA"
  ],
  "cwe": [],
  "description": "Email domain validation bypass vulnerability. Using endsWith() for domain validation can be  bypassed with addresses like \"tester@evil.com@trusted.com\" which are RFC-compliant but contain  the trusted domain as a substring rather than the actual domain. Attackers can use this to  bypass domain-based access controls or validation. Parse the email using InternetAddress,  extract the canonical domain, and compare the exact domain value instead of using endsWith().",
  "risk": "",
  "issue": "",
  "advice": "",
  "vendor": "opengrep"
}
