{
  "id": "java-spring-file-disclosure-modelview",
  "name": "Path Traversal using Spring",
  "severity": "HIGH",
  "category": "Security Error",
  "language": [
    "JAVA"
  ],
  "cwe": [
    "https://cwe.mitre.org/data/definitions/552.html"
  ],
  "description": "File disclosure vulnerability in Spring ModelAndView. Use a lookup table or hardcode allowed view names instead of accepting user input directly.",
  "risk": "",
  "issue": "",
  "advice": "Use a lookup table to map user input to predefined view names instead of passing input directly to ModelAndView constructor or setViewName(). Validate input against an allowlist of permitted view names. Consider using Spring's view resolver configuration to restrict accessible views.",
  "vendor": "opengrep"
}
