{
  "id": "java-cookie-missing-httponly",
  "name": "Cookie Missing HttpOnly using Java Servlet",
  "severity": "MEDIUM",
  "category": "Security Warning",
  "language": [
    "JAVA"
  ],
  "cwe": [
    "https://cwe.mitre.org/data/definitions/1004.html"
  ],
  "description": "Cookie missing HttpOnly flag vulnerability. Cookies without the HttpOnly flag can be accessed by client-side JavaScript, making them vulnerable to Cross-Site Scripting (XSS) attacks. Attackers can steal session tokens, perform session hijacking, or access sensitive cookie data. Always set the HttpOnly flag by calling cookie.setHttpOnly(true) to prevent client-side script access and protect against XSS-based cookie theft.",
  "risk": "",
  "issue": "",
  "advice": "Always set the HttpOnly flag on cookies by calling cookie.setHttpOnly(true) before adding them to the response. This prevents client-side JavaScript access and protects against XSS-based cookie theft. For Spring applications, consider using ResponseCookie.from().httpOnly(true).build().",
  "vendor": "opengrep"
}
