{
  "id": "java-dangerous-permissions",
  "name": "Dangerous Permissions using Java Security",
  "severity": "HIGH",
  "category": "Security Error",
  "language": [
    "JAVA"
  ],
  "cwe": [
    "https://cwe.mitre.org/data/definitions/732.html"
  ],
  "description": "Dangerous Java permissions detected that bypass security controls. These permissions (createClassLoader, suppressAccessChecks, setSecurityManager, exitVM, modifyThread, modifyThreadGroup) allow code to circumvent Java's security model, potentially leading to privilege escalation, arbitrary code execution, or system compromise. An attacker could exploit these to load malicious classes, access restricted APIs, or terminate the JVM. Review your security policy and apply the principle of least privilege - only grant the minimum permissions required for legitimate functionality.",
  "risk": "",
  "issue": "",
  "advice": "Remove dangerous permissions like createClassLoader, suppressAccessChecks, and setSecurityManager from your security policy. Apply principle of least privilege by granting only specific permissions required for functionality. Use SecurityManager.checkPermission() to validate access before sensitive operations.",
  "vendor": "opengrep"
}
