{
  "id": "java-netlify-access-token",
  "name": "Hardcoded Credentials using Netlify",
  "severity": "HIGH",
  "category": "Security Error",
  "language": [
    "JAVA"
  ],
  "cwe": [
    "https://cwe.mitre.org/data/definitions/798.html"
  ],
  "description": "Hardcoded Netlify access token vulnerability. Embedding API tokens directly in source code exposes them to anyone with code access, including version control history, logs, and compiled artifacts. Attackers can use these tokens to deploy malicious code, access site configurations, or steal sensitive data from your Netlify account. Store credentials in environment variables, use a secure credential management system like AWS Secrets Manager, or configure them through CI/CD pipeline secrets instead of hardcoding them.",
  "risk": "",
  "issue": "",
  "advice": "Store Netlify access tokens in environment variables or secure credential management systems like AWS Secrets Manager. Configure tokens through CI/CD pipeline secrets or runtime configuration. Never commit API tokens to version control or embed them in source code.",
  "vendor": "opengrep"
}
