{
  "id": "java-hardcoded-api-key",
  "name": "Hardcoded API Key using Java",
  "severity": "HIGH",
  "category": "Security Error",
  "language": [
    "JAVA"
  ],
  "cwe": [
    "https://cwe.mitre.org/data/definitions/798.html"
  ],
  "description": "Hardcoded API key vulnerability detected. API keys embedded directly in source code can be extracted by attackers through code repository access, reverse engineering, or application analysis, leading to unauthorized API access, data breaches, and service abuse. Store API keys securely using environment variables (System.getenv()), system properties (System.getProperty()), or encrypted configuration files instead of hardcoding them in source code.",
  "risk": "",
  "issue": "",
  "advice": "Store API keys in environment variables using System.getenv() or system properties using System.getProperty(). For production applications, use secure configuration management tools or encrypted configuration files. Never commit API keys to source code repositories.",
  "vendor": "opengrep"
}
