{
  "id": "java-command-injection-processbuilder",
  "name": "Command Injection using ProcessBuilder",
  "severity": "HIGH",
  "category": "Security Error",
  "language": [
    "JAVA"
  ],
  "cwe": [
    "https://cwe.mitre.org/data/definitions/78.html"
  ],
  "description": "Command injection vulnerability detected in ProcessBuilder usage. Avoid executing user-controlled input as system commands or use proper input validation and sanitization.",
  "risk": "",
  "issue": "",
  "advice": "Use ProcessBuilder with separate arguments instead of shell commands: new ProcessBuilder(\"program\", arg1, arg2). Avoid shell interpreters like sh -c or cmd /c. Validate input against an allowlist of permitted commands and arguments.",
  "vendor": "opengrep"
}
