{
  "id": "java-xml-decoder-deserialization",
  "name": "Unsafe Deserialization using XMLDecoder",
  "severity": "HIGH",
  "category": "Security Error",
  "language": [
    "JAVA"
  ],
  "cwe": [
    "https://cwe.mitre.org/data/definitions/502.html"
  ],
  "description": "Unsafe XMLDecoder deserialization vulnerability. XMLDecoder can execute arbitrary code during deserialization. Use safer alternatives like Jackson or JAXB with secure configuration.",
  "risk": "",
  "issue": "",
  "advice": "Replace XMLDecoder with safer alternatives like Jackson or JAXB with secure configuration. If XMLDecoder is required, validate input against a strict allowlist and use SecurityManager to restrict permissions. Never deserialize untrusted data directly.",
  "vendor": "opengrep"
}
