{
  "id": "java-xslt-injection-warning",
  "name": "XSLT Injection using Java XML Transform",
  "severity": "HIGH",
  "category": "Security Warning",
  "language": [
    "JAVA"
  ],
  "cwe": [
    "https://cwe.mitre.org/data/definitions/91.html"
  ],
  "description": "Method parameter flows to XSLT transformation. This method accepts a parameter that reaches an XSLT sink. While not necessarily a vulnerability (the caller may pass safe values), malicious stylesheets can execute arbitrary code.",
  "risk": "",
  "issue": "",
  "advice": "Validate XSLT stylesheets against a trusted allowlist before transformation. Use TransformerFactory.setFeature() to disable external entity processing and script execution. Consider using template engines with automatic escaping instead of XSLT for user-controlled content.",
  "vendor": "opengrep"
}
