{
  "id": "java-spring-ftp-insecure-protocol",
  "name": "Insecure FTP Protocol using Spring",
  "severity": "MEDIUM",
  "category": "Security Error",
  "language": [
    "JAVA"
  ],
  "cwe": [
    "https://cwe.mitre.org/data/definitions/319.html"
  ],
  "description": "Insecure FTP protocol detected in Spring Integration configuration. Use SFTP or FTPS instead to encrypt data transmission and prevent credential interception.",
  "risk": "",
  "issue": "",
  "advice": "Replace FTP with SFTP using DefaultSftpSessionFactory or FTPS using DefaultFtpsSessionFactory. Configure proper SSL/TLS settings for FTPS connections. Use secure authentication methods and validate server certificates.",
  "vendor": "opengrep"
}
