{
  "id": "java-jwt-hardcoded-secret",
  "name": "Hardcoded JWT Secret Key",
  "severity": "HIGH",
  "category": "Security Error",
  "language": [
    "JAVA"
  ],
  "cwe": [
    "https://cwe.mitre.org/data/definitions/798.html"
  ],
  "description": "Hard-coded JWT signing secret detected. Embedding cryptographic secrets directly in source code exposes them in version control, compiled artifacts, and memory dumps. Attackers can extract these secrets to forge valid JWTs and bypass authentication. Use environment variables (System.getenv), secure configuration, or a secrets management service like HashiCorp Vault or AWS Secrets Manager instead.",
  "risk": "",
  "issue": "",
  "advice": "Store JWT signing secrets in environment variables using System.getenv() or a secrets management service like HashiCorp Vault, AWS Secrets Manager, or Azure Key Vault. Never commit secrets to source control. Consider using asymmetric algorithms (RS256, ES256) with key rotation instead of shared secrets.",
  "vendor": "opengrep"
}
