{
  "id": "java-crlf-injection-logs",
  "name": "CRLF Injection using Java Logging",
  "severity": "MEDIUM",
  "category": "Security Warning",
  "language": [
    "JAVA"
  ],
  "cwe": [
    "https://cwe.mitre.org/data/definitions/93.html"
  ],
  "description": "CRLF injection vulnerability in logging detected. Sanitize user input before logging to prevent log forging and malicious content injection.",
  "risk": "",
  "issue": "",
  "advice": "Sanitize user input before logging by removing or encoding carriage return (\\r) and line feed (\\n) characters. Use input.replaceAll(\"[\\r\\n]\", \"\") or proper encoding libraries. Consider structured logging formats like JSON to prevent log forging attacks.",
  "vendor": "opengrep"
}
