{
  "id": "java-xss-warning",
  "name": "XSS using Java Servlets",
  "severity": "MEDIUM",
  "category": "Security Warning",
  "language": [
    "JAVA"
  ],
  "cwe": [
    "https://cwe.mitre.org/data/definitions/79.html"
  ],
  "description": "Method parameter flows to HTTP response output. This method accepts a parameter that reaches a response writer sink. While not necessarily a vulnerability (the caller may pass safe values), this is a risky code pattern. Consider encoding output using OWASP Java Encoder or a framework's built-in encoding.",
  "risk": "",
  "issue": "",
  "advice": "Encode all user-controlled data before writing to HTTP response using OWASP Java Encoder: Encode.forHtml(data) for HTML context or Encode.forJavaScript(data) for JS context. Use framework-specific encoding methods like Spring's HtmlUtils.htmlEscape(). Always validate and sanitize input at application boundaries.",
  "vendor": "opengrep"
}
