{
  "id": "java-ognl-injection",
  "name": "OGNL Injection using Struts",
  "severity": "HIGH",
  "category": "Security Error",
  "language": [
    "JAVA"
  ],
  "cwe": [
    "https://cwe.mitre.org/data/definitions/94.html"
  ],
  "description": "OGNL injection vulnerability detected in expression evaluation. Validate and sanitize all user input before passing to OGNL evaluation methods.",
  "risk": "",
  "issue": "",
  "advice": "Disable OGNL evaluation in Struts configuration by setting struts.ognl.allowStaticMethodAccess=false. Use parameterized queries and avoid dynamic expression evaluation. Validate all user input against strict allowlists before processing.",
  "vendor": "opengrep"
}
