{
  "id": "java-mailgun-public-key-exposure",
  "name": "Hardcoded API Key using Mailgun",
  "severity": "HIGH",
  "category": "Security Error",
  "language": [
    "JAVA"
  ],
  "cwe": [
    "https://cwe.mitre.org/data/definitions/798.html"
  ],
  "description": "Hardcoded Mailgun API key detected in source code. Exposed API keys allow attackers to send emails through your Mailgun account, potentially leading to account abuse, reputation damage, quota exhaustion, and unauthorized access to email analytics. Attackers could send spam, phishing emails, or impersonate your organization. Store credentials in environment variables, secure configuration management systems, or use Java's Properties files with restricted file permissions instead of hardcoding them in source code.",
  "risk": "",
  "issue": "",
  "advice": "Store Mailgun API keys in environment variables or secure configuration management systems instead of hardcoding them. Use System.getenv() or Properties files with restricted permissions to load credentials at runtime. Rotate exposed keys immediately and implement secret scanning in CI/CD pipelines.",
  "vendor": "opengrep"
}
