{
  "id": "java-mistral-ai-usage",
  "name": "Information Disclosure using Mistral AI",
  "severity": "MEDIUM",
  "category": "Quality",
  "language": [
    "JAVA"
  ],
  "cwe": [
    "https://cwe.mitre.org/data/definitions/200.html"
  ],
  "description": "AI service usage detected with Mistral AI. Sending data to external AI services can expose sensitive information, violate data privacy regulations (GDPR, CCPA), and create compliance risks. The data sent may be stored, processed, or used for model training by the service provider. Implement data classification to identify sensitive data, review privacy policies and data processing agreements, establish data retention controls, and consider on-premises AI solutions for sensitive workloads.",
  "risk": "",
  "issue": "",
  "advice": "Implement data classification to identify sensitive information before sending to Mistral AI services. Use data sanitization to remove PII and confidential data. Consider on-premises AI solutions for sensitive workloads and establish data retention controls with clear privacy policies.",
  "vendor": "opengrep"
}
