{
  "id": "java-crypto-custom-implementation",
  "name": "Custom Cryptographic Implementation",
  "severity": "MEDIUM",
  "category": "Security Warning",
  "language": [
    "JAVA"
  ],
  "cwe": [
    "https://cwe.mitre.org/data/definitions/327.html"
  ],
  "description": "Custom cryptographic implementation detected using bitwise operations (XOR, bit shifts) in methods related to encryption. Rolling your own cryptography is dangerous - even experienced cryptographers make mistakes. Custom implementations typically lack proper key derivation, random IV generation, and authentication. Use established cryptographic libraries like Java's Cipher class with AES-256-GCM or Tink for authenticated encryption.",
  "risk": "",
  "issue": "",
  "advice": "Replace custom cryptographic implementations with established libraries. Use Java's Cipher class with AES/GCM/NoPadding, Google Tink, or Bouncy Castle for cryptographic operations. Never implement your own XOR-based encryption.",
  "vendor": "opengrep"
}
