{
  "id": "java-twitter-bearer-token",
  "name": "Hardcoded Twitter Bearer Token",
  "severity": "HIGH",
  "category": "Security Error",
  "language": [
    "JAVA"
  ],
  "cwe": [
    "https://cwe.mitre.org/data/definitions/798.html"
  ],
  "description": "Hardcoded Twitter bearer token detected in source code. Exposed API tokens allow attackers to impersonate your application, make unauthorized API calls, exhaust rate limits, and potentially access private user data or post malicious content. This can lead to account suspension, data breaches, and reputational damage. Store credentials securely using environment variables, encrypted configuration files, or a secrets management system like AWS Secrets Manager or HashiCorp Vault. Never commit tokens to version control.",
  "risk": "",
  "issue": "",
  "advice": "Store Twitter bearer tokens in environment variables or secure configuration files, never in source code. Use a secrets management system like AWS Secrets Manager or HashiCorp Vault for production environments. Rotate any exposed tokens immediately and implement proper access controls.",
  "vendor": "opengrep"
}
