{
  "id": "java-xxe-saxparserfactory-disallow-doctype-decl-missing",
  "name": "XXE using SAXParserFactory",
  "severity": "HIGH",
  "category": "Security Error",
  "language": [
    "JAVA"
  ],
  "cwe": [
    "https://cwe.mitre.org/data/definitions/611.html"
  ],
  "description": "XML External Entity (XXE) vulnerability detected in SAXParserFactory usage. Enable DOCTYPE restrictions by setting the 'disallow-doctype-decl' feature to true to prevent XXE attacks.\n",
  "risk": "",
  "issue": "",
  "advice": "Enable DOCTYPE restrictions by setting factory.setFeature(\"http://apache.org/xml/features/disallow-doctype-decl\", true) before calling newSAXParser(). Alternatively, disable external entities by setting both external-general-entities and external-parameter-entities features to false.",
  "vendor": "opengrep"
}
