{
  "id": "java-sendgrid-api-token-hardcoded",
  "name": "Hardcoded API Token using SendGrid",
  "severity": "HIGH",
  "category": "Security Error",
  "language": [
    "JAVA"
  ],
  "cwe": [
    "https://cwe.mitre.org/data/definitions/798.html"
  ],
  "description": "Hardcoded SendGrid API token vulnerability. API tokens embedded directly in source code can be extracted by attackers who gain access to the codebase, version control history, or compiled binaries. This allows unauthorized email sending, quota abuse, and potential data exfiltration through SendGrid services. Store API tokens in environment variables, secure configuration files, or secret management systems (e.g., AWS Secrets Manager, HashiCorp Vault) and load them at runtime instead of hardcoding in source code.",
  "risk": "",
  "issue": "",
  "advice": "Store SendGrid API tokens in environment variables or secure configuration management systems like AWS Secrets Manager or HashiCorp Vault. Load tokens at runtime using System.getenv() or configuration libraries. Never commit API keys to version control or embed them in source code.",
  "vendor": "opengrep"
}
