{
  "id": "java-hardcoded-secret",
  "name": "Hardcoded Secret using Java",
  "severity": "HIGH",
  "category": "Security Error",
  "language": [
    "JAVA"
  ],
  "cwe": [
    "https://cwe.mitre.org/data/definitions/798.html"
  ],
  "description": "Hardcoded secret detected. Store secrets securely using environment variables or a dedicated secret management system.",
  "risk": "",
  "issue": "",
  "advice": "Store secrets in environment variables using System.getenv() or secure configuration files outside the codebase. Use dedicated secret management systems like HashiCorp Vault or cloud provider secret stores. Never commit secrets to version control.",
  "vendor": "opengrep"
}
