{
  "id": "java-hardcoded-google-api-key-regex",
  "name": "",
  "severity": "HIGH",
  "category": "Security Error",
  "language": [
    "JAVA"
  ],
  "cwe": [],
  "description": "Hardcoded Google API key detected in comment or string. This exposes your application to several security risks: attackers can steal and misuse your API quota, access Google services under your account, potentially access sensitive data, and incur unexpected charges. Store API keys securely using environment variables, configuration files outside version control, or secure key management services. Never commit API keys to source code repositories.",
  "risk": "",
  "issue": "",
  "advice": "",
  "vendor": "opengrep"
}
