{
  "id": "java-cloudflare-origin-ca-key",
  "name": "Hardcoded Cloudflare Origin CA Key",
  "severity": "HIGH",
  "category": "Security Error",
  "language": [
    "JAVA"
  ],
  "cwe": [
    "https://cwe.mitre.org/data/definitions/798.html"
  ],
  "description": "Hardcoded Cloudflare Origin CA private key detected in source code. Store credentials securely using environment variables or a secure vault instead.",
  "risk": "",
  "issue": "",
  "advice": "Store Cloudflare Origin CA private keys in environment variables or a secure vault like HashiCorp Vault or AWS Secrets Manager. Load credentials at runtime using System.getenv() or a secrets management library. Never commit private keys to source code repositories.",
  "vendor": "opengrep"
}
