{
  "id": "java-data-contract-resolver-usage",
  "name": "Unsafe Deserialization using Java",
  "severity": "HIGH",
  "category": "Security Warning",
  "language": [
    "JAVA"
  ],
  "cwe": [
    "https://cwe.mitre.org/data/definitions/502.html"
  ],
  "description": "Custom serialization resolver detected. Ensure proper type validation to prevent deserialization attacks.",
  "risk": "",
  "issue": "",
  "advice": "Implement strict type validation in resolveClass() methods using allowlists of expected classes. Use ObjectInputFilter to reject dangerous classes like those in commons-collections. Consider safer alternatives like JSON serialization with explicit type binding.",
  "vendor": "opengrep"
}
