{
  "id": "java-spring-http-request-resttemplate",
  "name": "Insecure HTTP Request using Spring",
  "severity": "MEDIUM",
  "category": "Security Warning",
  "language": [
    "JAVA"
  ],
  "cwe": [
    "https://cwe.mitre.org/data/definitions/319.html"
  ],
  "description": "HTTP request sent to non-secure URL using RestTemplate. Use HTTPS URLs instead to encrypt data in transit and prevent man-in-the-middle attacks.",
  "risk": "",
  "issue": "",
  "advice": "Replace HTTP URLs with HTTPS URLs in all RestTemplate method calls to encrypt data in transit. Configure SSL/TLS properly and consider certificate validation. For dynamic URLs, validate that they use HTTPS protocol before making requests.",
  "vendor": "opengrep"
}
