{
  "id": "java-slack-token-detected",
  "name": "Hardcoded Slack Token using Java",
  "severity": "HIGH",
  "category": "Security Error",
  "language": [
    "JAVA"
  ],
  "cwe": [
    "https://cwe.mitre.org/data/definitions/798.html"
  ],
  "description": "Hardcoded Slack token vulnerability detected. Slack tokens embedded directly in source code can be extracted by attackers who gain access to the codebase, allowing them to impersonate your application, access private channels, send messages, or perform API operations with your bot's permissions. This can lead to data exfiltration, unauthorized communications, or  privilege escalation within your Slack workspace. Store tokens securely in environment  variables (System.getenv(\"SLACK_TOKEN\")), configuration files outside the codebase, or  secure credential management systems like AWS Secrets Manager or HashiCorp Vault instead  of embedding them directly in code.",
  "risk": "",
  "issue": "",
  "advice": "Store Slack tokens in environment variables using System.getenv(\"SLACK_TOKEN\") or secure credential management systems like AWS Secrets Manager. Never embed tokens directly in source code as they can be extracted by attackers with codebase access.",
  "vendor": "opengrep"
}
