{
  "id": "java-kolide-api-key-hardcoded",
  "name": "Hardcoded API Key using Kolide",
  "severity": "HIGH",
  "category": "Security Error",
  "language": [
    "JAVA"
  ],
  "cwe": [
    "https://cwe.mitre.org/data/definitions/798.html"
  ],
  "description": "Hardcoded Kolide API key vulnerability detected. API keys embedded directly in source code can be extracted by attackers who gain access to the codebase, leading to unauthorized access to Kolide services, data breaches, and potential lateral movement within your infrastructure. Store API keys securely using environment variables (System.getenv()), encrypted configuration files, or dedicated secret management services like AWS Secrets Manager, HashiCorp Vault, or Azure Key Vault instead of hardcoding them in source code.",
  "risk": "",
  "issue": "",
  "advice": "Store Kolide API keys in environment variables using System.getenv() or secure configuration management. Use dedicated secret management services like AWS Secrets Manager or HashiCorp Vault for production environments. Never commit API keys directly in source code.",
  "vendor": "opengrep"
}
