{
  "id": "java-argv-envp-access",
  "name": "Unsafe Input Access using Java",
  "severity": "HIGH",
  "category": "Quality",
  "language": [
    "JAVA"
  ],
  "cwe": [
    "https://cwe.mitre.org/data/definitions/20.html"
  ],
  "description": "Program accesses command-line arguments or environment variables controlled by attackers. Validate and sanitize all external input before use.",
  "risk": "",
  "issue": "",
  "advice": "Validate all command-line arguments and environment variables against expected formats using allowlists or regex patterns. Sanitize input by removing or escaping special characters before processing. Consider using configuration files or secure parameter passing instead of relying on external input sources.",
  "vendor": "opengrep"
}
