{
  "id": "java-mailgun-private-api-token",
  "name": "Hardcoded API Token using Mailgun",
  "severity": "HIGH",
  "category": "Security Error",
  "language": [
    "JAVA"
  ],
  "cwe": [
    "https://cwe.mitre.org/data/definitions/798.html"
  ],
  "description": "Hardcoded Mailgun private API token detected in source code. Exposed API tokens allow attackers to send emails through your Mailgun account, potentially leading to spam abuse, quota exhaustion, reputation damage, and unauthorized access to email analytics. This can result in service suspension and financial liability. Store credentials securely using environment variables (System.getenv(\"MAILGUN_API_KEY\")) or a credential management system like AWS Secrets Manager instead of hardcoding them in source code.",
  "risk": "",
  "issue": "",
  "advice": "Store Mailgun API tokens securely using environment variables with System.getenv(\"MAILGUN_API_KEY\") or a credential management system like AWS Secrets Manager. Never hardcode API tokens in source code as they can be exposed in version control and logs.",
  "vendor": "opengrep"
}
