{
  "id": "java-path-traversal-file-write",
  "name": "Path Traversal using Java File I/O",
  "severity": "HIGH",
  "category": "Security Error",
  "language": [
    "JAVA"
  ],
  "cwe": [
    "https://cwe.mitre.org/data/definitions/22.html"
  ],
  "description": "Path traversal vulnerability detected in file write operation. Validate and sanitize file paths to prevent unauthorized file access outside the intended directory.",
  "risk": "",
  "issue": "",
  "advice": "Validate file paths against an allowlist of permitted directories and use Path.normalize() to resolve relative paths. Use Files.exists() and startsWith() to ensure the resolved path stays within intended boundaries. Never directly use user input in file operations without sanitization.",
  "vendor": "opengrep"
}
