{
  "id": "java-crypto-weak-hash",
  "name": "Weak Cryptographic Hash Algorithm",
  "severity": "MEDIUM",
  "category": "Security Error",
  "language": [
    "JAVA"
  ],
  "cwe": [
    "https://cwe.mitre.org/data/definitions/328.html"
  ],
  "description": "Weak cryptographic hash algorithm detected (MD5 or SHA-1). These algorithms are cryptographically broken and should not be used for security purposes. Use SHA-256, SHA-512, or SHA-3 for general hashing. For password hashing, use PBKDF2, bcrypt, scrypt, or Argon2.",
  "risk": "",
  "issue": "",
  "advice": "Replace MD5 and SHA-1 with stronger hash algorithms. Use SHA-256 or SHA-512 for general cryptographic hashing. For password storage, use a dedicated password hashing function like PBKDF2, bcrypt, scrypt, or Argon2.",
  "vendor": "opengrep"
}
