{
  "id": "java-spring-unrestricted-request-mapping",
  "name": "CSRF via Unrestricted Request Mapping",
  "severity": "MEDIUM",
  "category": "Security Warning",
  "language": [
    "JAVA"
  ],
  "cwe": [
    "https://cwe.mitre.org/data/definitions/352.html"
  ],
  "description": "RequestMapping annotation without HTTP method specification detected. Add the 'method' parameter to specify allowed HTTP methods (e.g., RequestMethod.POST) to prevent CSRF attacks.",
  "risk": "",
  "issue": "",
  "advice": "Add the 'method' parameter to @RequestMapping annotations to restrict HTTP methods: @RequestMapping(value=\"/path\", method=RequestMethod.POST). For state-changing operations, use POST/PUT/DELETE only. Consider using @PostMapping, @PutMapping instead of generic @RequestMapping.",
  "vendor": "opengrep"
}
