{
  "id": "java-android-intent-sql-injection",
  "name": "SQL Injection using Android SQLite",
  "severity": "HIGH",
  "category": "Security Error",
  "language": [
    "JAVA"
  ],
  "cwe": [
    "https://cwe.mitre.org/data/definitions/89.html"
  ],
  "description": "SQL injection vulnerability in Android Intent handling. Validate and sanitize Intent data before using it in database queries, or use parameterized queries with PreparedStatement.",
  "risk": "",
  "issue": "",
  "advice": "Use parameterized queries with SQLiteDatabase.query() methods that accept selectionArgs parameter instead of string concatenation. For raw queries, use rawQuery() with ? placeholders and pass values as String[] array. Always validate Intent data against allowlists before database operations.",
  "vendor": "opengrep"
}
