{
  "id": "java-smtp-header-injection",
  "name": "SMTP Header Injection using JavaMail",
  "severity": "HIGH",
  "category": "Security Error",
  "language": [
    "JAVA"
  ],
  "cwe": [
    "https://cwe.mitre.org/data/definitions/77.html"
  ],
  "description": "SMTP header injection vulnerability detected. Escape or encode CRLF characters in user input before passing to MimeMessage methods to prevent email header manipulation.",
  "risk": "",
  "issue": "",
  "advice": "Sanitize user input by removing or encoding CRLF characters (\\r\\n) before passing to MimeMessage methods. Use input validation to reject strings containing newline characters. Consider using email libraries with built-in header injection protection.",
  "vendor": "opengrep"
}
