{
  "id": "java-slack-legacy-workspace-token",
  "name": "Hardcoded Slack Token using Java",
  "severity": "HIGH",
  "category": "Security Error",
  "language": [
    "JAVA"
  ],
  "cwe": [
    "https://cwe.mitre.org/data/definitions/798.html"
  ],
  "description": "Hardcoded Slack API tokens detected in source code. These tokens provide direct access  to Slack workspaces and can lead to unauthorized message access, data exfiltration,  workspace manipulation, or privilege escalation if compromised. Attackers who gain  access to these tokens can impersonate users, read private channels, or perform  administrative actions depending on token scope. Store credentials securely using  environment variables (System.getenv(\"SLACK_TOKEN\")), configuration management systems,  or secure vaults like HashiCorp Vault or AWS Secrets Manager. For production applications,  implement OAuth 2.0 flows instead of long-lived tokens and regularly rotate credentials.",
  "risk": "",
  "issue": "",
  "advice": "Store Slack tokens securely using environment variables with System.getenv(\"SLACK_TOKEN\") or configuration management systems. Implement OAuth 2.0 flows instead of long-lived tokens for production applications. Regularly rotate credentials and use secure vaults like HashiCorp Vault or AWS Secrets Manager.",
  "vendor": "opengrep"
}
