{
  "id": "java-ognl-injection-warning",
  "name": "OGNL Injection using Struts",
  "severity": "HIGH",
  "category": "Security Warning",
  "language": [
    "JAVA"
  ],
  "cwe": [
    "https://cwe.mitre.org/data/definitions/94.html"
  ],
  "description": "Potential OGNL injection vulnerability. Method parameters flow to OGNL expression evaluation. If these parameters can be influenced by user input, attackers could execute arbitrary code. Validate and sanitize all input before passing to OGNL evaluation methods.",
  "risk": "",
  "issue": "",
  "advice": "Avoid passing user input directly to OGNL evaluation methods. Use allowlists to validate input against expected values. Consider disabling OGNL evaluation entirely or switching to safer alternatives like property-based parameter binding with strict type checking.",
  "vendor": "opengrep"
}
