{
  "id": "java-weak-ssl-protocol",
  "name": "Weak SSL Protocol using Java SSL",
  "severity": "HIGH",
  "category": "Security Error",
  "language": [
    "JAVA"
  ],
  "cwe": [
    "https://cwe.mitre.org/data/definitions/326.html"
  ],
  "description": "Weak SSL/TLS protocol version detected. Use TLSv1.2 or TLSv1.3 for secure communications.",
  "risk": "",
  "issue": "",
  "advice": "Replace weak SSL/TLS protocols with TLSv1.2 or TLSv1.3 by using SSLContext.getInstance(\"TLSv1.3\") or SSLContext.getInstance(\"TLSv1.2\"). Avoid SSLv2, SSLv3, TLSv1.0, and TLSv1.1 as they have known vulnerabilities. Configure your application to reject connections using deprecated protocols.",
  "vendor": "opengrep"
}
