{
  "id": "java-httpclient-http-request",
  "name": "Insecure HTTP Request using Java HTTP Client",
  "severity": "MEDIUM",
  "category": "Security Warning",
  "language": [
    "JAVA"
  ],
  "cwe": [
    "https://cwe.mitre.org/data/definitions/319.html"
  ],
  "description": "Insecure HTTP request detected. Use HTTPS URLs instead of HTTP to ensure traffic is encrypted with TLS.",
  "risk": "",
  "issue": "",
  "advice": "Replace HTTP URLs with HTTPS URLs to ensure traffic is encrypted with TLS. Use \"https://\" instead of \"http://\" in URI.create() and HttpRequest.newBuilder().uri() calls. Configure proper certificate validation for production environments.",
  "vendor": "opengrep"
}
