{
  "id": "java-jboss-seam-log-injection",
  "name": "Expression Injection using JBoss Seam",
  "severity": "HIGH",
  "category": "Security Error",
  "language": [
    "JAVA"
  ],
  "cwe": [
    "https://cwe.mitre.org/data/definitions/95.html"
  ],
  "description": "Expression language injection in JBoss Seam logging. Avoid using dynamic values in log messages that could contain malicious expressions.",
  "risk": "",
  "issue": "",
  "advice": "Sanitize user input before logging by removing expression language characters like",
  "vendor": "opengrep"
}
