{
  "id": "java-do-privileged-use",
  "name": "Privilege Escalation using Java Security",
  "severity": "HIGH",
  "category": "Security Warning",
  "language": [
    "JAVA"
  ],
  "cwe": [
    "https://cwe.mitre.org/data/definitions/269.html"
  ],
  "description": "Privileged code execution detected. The use of AccessController.doPrivileged()  temporarily elevates permissions to access restricted resources, bypassing normal  security checks. This creates an expanded attack surface where vulnerabilities  in privileged blocks can lead to privilege escalation, unauthorized file system  access, or system property manipulation. Minimize the privileged code block to  contain only essential operations, validate all inputs before entering privileged  context, and apply the principle of least privilege by using specific permissions  rather than broad privileged access.",
  "risk": "",
  "issue": "",
  "advice": "Minimize privileged code blocks to contain only essential operations and validate all inputs before entering privileged context. Use specific permissions with SecurityManager.checkPermission() instead of broad doPrivileged() access. Apply principle of least privilege by granting only necessary permissions.",
  "vendor": "opengrep"
}
