{
  "id": "java-sendgrid-api-key-hardcoded",
  "name": "Hardcoded API Key using SendGrid",
  "severity": "HIGH",
  "category": "Security Error",
  "language": [
    "JAVA"
  ],
  "cwe": [
    "https://cwe.mitre.org/data/definitions/798.html"
  ],
  "description": "Hardcoded SendGrid API key vulnerability detected. API keys embedded directly in source code can be extracted by anyone with access to the codebase, version control history, or compiled artifacts, leading to unauthorized email sending, quota exhaustion, and potential data breaches. Store API keys securely using environment variables (System.getenv(\"SENDGRID_API_KEY\")), configuration files outside the codebase, or secure key management services like AWS Secrets Manager or Azure Key Vault instead of hardcoding them in strings.",
  "risk": "",
  "issue": "",
  "advice": "Store SendGrid API keys in environment variables using System.getenv(\"SENDGRID_API_KEY\") or secure key management services like AWS Secrets Manager. Never hardcode API keys in source code as they can be extracted from repositories or compiled artifacts. Use configuration files outside the codebase for non-production environments.",
  "vendor": "opengrep"
}
