{
  "id": "java-transformerfactory-xxe",
  "name": "XXE using TransformerFactory",
  "severity": "HIGH",
  "category": "Security Error",
  "language": [
    "JAVA"
  ],
  "cwe": [
    "https://cwe.mitre.org/data/definitions/611.html"
  ],
  "description": "XML External Entity (XXE) vulnerability in TransformerFactory. Disable DTD processing by setting accessExternalDTD and accessExternalStylesheet attributes to empty strings.",
  "risk": "",
  "issue": "",
  "advice": "Disable external entity processing by setting factory.setAttribute(XMLConstants.ACCESS_EXTERNAL_DTD, \"\") and factory.setAttribute(XMLConstants.ACCESS_EXTERNAL_STYLESHEET, \"\") immediately after creating the TransformerFactory. Apply these settings before calling newTransformer() to prevent XXE attacks.",
  "vendor": "opengrep"
}
