{
  "id": "java-unsafe-object-persistence",
  "name": "Unencrypted Data Persistence using Java",
  "severity": "MEDIUM",
  "category": "Security Error",
  "language": [
    "JAVA"
  ],
  "cwe": [
    "https://cwe.mitre.org/data/definitions/312.html"
  ],
  "description": "Unsafe object persistence vulnerability detected. Sensitive data is being serialized or persisted without encryption, exposing it to unauthorized access if storage is compromised. Use encrypted storage mechanisms or apply encryption before persisting data.",
  "risk": "",
  "issue": "",
  "advice": "Encrypt sensitive data before serialization using AES encryption or secure storage APIs. For databases, use encrypted storage options like SQLCipher. For object serialization, implement custom writeObject/readObject methods with encryption. Always validate that encryption keys are properly managed and not hardcoded.",
  "vendor": "opengrep"
}
