{
  "id": "java-script-injection-warning",
  "name": "Code Injection using ScriptEngine",
  "severity": "HIGH",
  "category": "Security Warning",
  "language": [
    "JAVA"
  ],
  "cwe": [
    "https://cwe.mitre.org/data/definitions/94.html"
  ],
  "description": "Potential script injection vulnerability. Method parameters flow to ScriptEngine.eval(). If these parameters can be influenced by user input, attackers could execute arbitrary code. Validate and sanitize input before passing it to ScriptEngine, or use compiled scripts.",
  "risk": "",
  "issue": "",
  "advice": "Use ScriptEngine.compile() to create CompiledScript objects from trusted templates, then call eval() with only data parameters. Implement strict input validation and consider using a sandboxed scripting environment. Never pass unsanitized user input directly to eval().",
  "vendor": "opengrep"
}
