{
  "id": "java-mailchimp-api-key",
  "name": "Hardcoded API Key using MailChimp",
  "severity": "HIGH",
  "category": "Security Error",
  "language": [
    "JAVA"
  ],
  "cwe": [
    "https://cwe.mitre.org/data/definitions/798.html"
  ],
  "description": "MailChimp API key hardcoded in source code. Hardcoded API keys pose a critical security risk as they can be exposed through version control, logs, or reverse engineering, allowing attackers to access your MailChimp account, send unauthorized emails, access subscriber data, or exhaust your sending limits. Store API keys securely using environment variables (System.getenv(\"MAILCHIMP_API_KEY\")), Java system properties, or a secure configuration management system like AWS Secrets Manager or HashiCorp Vault.",
  "risk": "",
  "issue": "",
  "advice": "Store MailChimp API keys securely using environment variables with System.getenv(\"MAILCHIMP_API_KEY\") or configuration management systems like AWS Secrets Manager. Never hardcode API keys in source code as they can be exposed through version control or reverse engineering.",
  "vendor": "opengrep"
}
