{
  "id": "java-sqli-http-request",
  "name": "SQL Injection using JDBC",
  "severity": "HIGH",
  "category": "Security Error",
  "language": [
    "JAVA"
  ],
  "cwe": [
    "https://cwe.mitre.org/data/definitions/89.html"
  ],
  "description": "SQL injection vulnerability detected from HTTP request input. Use parameterized queries with PreparedStatement instead of string concatenation.",
  "risk": "",
  "issue": "",
  "advice": "Use PreparedStatement with parameter placeholders (?) instead of string concatenation. Set parameters using setString(), setInt(), etc. methods. For Spring applications, use JdbcTemplate with named parameters or RowMapper for type safety.",
  "vendor": "opengrep"
}
