{
  "id": "java-insecure-trust-manager",
  "name": "Insecure Trust Manager using Java SSL",
  "severity": "MEDIUM",
  "category": "Security Error",
  "language": [
    "JAVA"
  ],
  "cwe": [
    "https://cwe.mitre.org/data/definitions/295.html"
  ],
  "description": "Insecure trust manager implementation detected that accepts any certificate without validation. This bypasses SSL/TLS certificate verification, allowing attackers to perform man-in-the-middle attacks, intercept encrypted communications, and impersonate trusted servers. Attackers can present invalid, expired, or self-signed certificates that will be accepted without question. Use a proper KeyStore and TrustManagerFactory to validate certificates securely, or implement custom validation logic that actually checks certificate validity, chain of trust, and hostname verification.",
  "risk": "",
  "issue": "",
  "advice": "Implement proper certificate validation in checkClientTrusted() and checkServerTrusted() methods by verifying certificate chains, expiration dates, and trusted issuers. Use TrustManagerFactory.getDefaultAlgorithm() with a proper KeyStore, or implement custom validation logic that actually validates certificates against trusted CAs and performs hostname verification.",
  "vendor": "opengrep"
}
