{
  "id": "java-apache-xmlrpc-extensions-enabled",
  "name": "Deserialization using Apache XML-RPC",
  "severity": "HIGH",
  "category": "Security Error",
  "language": [
    "JAVA"
  ],
  "cwe": [
    "https://cwe.mitre.org/data/definitions/502.html"
  ],
  "description": "Apache XML-RPC server or client configured with extensions enabled, which can lead to deserialization vulnerability allowing arbitrary code execution. Disable extensions by setting setEnabledForExtensions(false) or remove the call entirely.",
  "risk": "",
  "issue": "",
  "advice": "Disable XML-RPC extensions by calling setEnabledForExtensions(false) on XmlRpcServerConfigImpl or XmlRpcClientConfigImpl instances. Extensions enable unsafe deserialization that can lead to remote code execution. Remove the setEnabledForExtensions(true) call entirely if extensions are not needed.",
  "vendor": "opengrep"
}
