{
  "id": "java-aws-appsync-graphql-key",
  "name": "Hardcoded API Key using AWS AppSync",
  "severity": "HIGH",
  "category": "Security Error",
  "language": [
    "JAVA"
  ],
  "cwe": [
    "https://cwe.mitre.org/data/definitions/798.html"
  ],
  "description": "Hardcoded AWS AppSync GraphQL API key detected in source code. API keys embedded  in code can be extracted by attackers through source code access, reverse engineering,  or repository exposure, leading to unauthorized API access and potential data breaches.  Store API keys in environment variables, secure configuration files, or secret management  systems (AWS Secrets Manager, HashiCorp Vault) instead of hardcoding them in source code.",
  "risk": "",
  "issue": "",
  "advice": "Store AWS AppSync API keys in environment variables or secure configuration management systems like AWS Secrets Manager. Load keys at runtime using System.getenv() or configuration libraries. Never commit API keys to source code repositories.",
  "vendor": "opengrep"
}
