{
  "id": "java-asana-client-id-hardcoded",
  "name": "Hardcoded Credentials using Asana API",
  "severity": "HIGH",
  "category": "Security Error",
  "language": [
    "JAVA"
  ],
  "cwe": [
    "https://cwe.mitre.org/data/definitions/798.html"
  ],
  "description": "Hardcoded Asana credentials detected in source code. Embedding API credentials  directly in code creates serious security risks: credentials are exposed in version  control history, can be accessed by anyone with code access, and cannot be rotated  without code changes. Attackers who gain access to these credentials can access  your Asana workspace, read sensitive project data, modify tasks, and potentially  access confidential business information. Store credentials securely using  environment variables (System.getenv(\"ASANA_CLIENT_ID\")), configuration files  outside the repository, or a secure vault service like AWS Secrets Manager or  HashiCorp Vault.",
  "risk": "",
  "issue": "",
  "advice": "Store Asana credentials securely using environment variables with System.getenv(\"ASANA_CLIENT_ID\") or configuration files outside the repository. Use secure vault services like AWS Secrets Manager or HashiCorp Vault for production environments. Never commit API keys to version control.",
  "vendor": "opengrep"
}
