{
  "id": "java-bittrex-access-key",
  "name": "Hardcoded API Key using Bittrex",
  "severity": "HIGH",
  "category": "Security Error",
  "language": [
    "JAVA"
  ],
  "cwe": [
    "https://cwe.mitre.org/data/definitions/798.html"
  ],
  "description": "Hardcoded Bittrex access key detected in source code. Embedding API credentials directly in code creates security risks including credential exposure through version control, logs, or binary analysis. Attackers who gain access to these credentials can perform unauthorized trading operations, access account information, or manipulate cryptocurrency transactions. Store credentials securely using environment variables or a secure vault service instead of hardcoding them in source code.",
  "risk": "",
  "issue": "",
  "advice": "Store Bittrex API keys in environment variables or a secure vault service like AWS Secrets Manager. Load credentials at runtime using System.getenv() or configuration management tools. Never commit API keys to version control systems.",
  "vendor": "opengrep"
}
