{
  "id": "java-regex-redos",
  "name": "ReDoS using Java Regex",
  "severity": "MEDIUM",
  "category": "Security Warning",
  "language": [
    "JAVA"
  ],
  "cwe": [
    "https://cwe.mitre.org/data/definitions/1333.html"
  ],
  "description": "Regular expression potentially vulnerable to catastrophic backtracking (ReDoS).  Nested quantifiers, alternation with overlapping patterns, or complex lookarounds  can cause exponential time complexity, allowing attackers to trigger denial-of-service  by providing crafted input strings. This can freeze applications and consume CPU resources.  Avoid nested quantifiers like (a+)+, use possessive quantifiers (a++), atomic groups,  or validate input length limits before regex processing.",
  "risk": "",
  "issue": "",
  "advice": "Avoid nested quantifiers like (a+)+ that cause exponential backtracking. Use possessive quantifiers (a++) or atomic groups (?>) to prevent backtracking. Validate input length limits before regex processing and consider timeout mechanisms for regex operations.",
  "vendor": "opengrep"
}
