{
  "id": "java-turbine-sqli",
  "name": "SQL Injection using Turbine",
  "severity": "HIGH",
  "category": "Security Error",
  "language": [
    "JAVA"
  ],
  "cwe": [
    "https://cwe.mitre.org/data/definitions/89.html"
  ],
  "description": "SQL injection vulnerability in Turbine framework. Use parameterized queries with PreparedStatement instead of string concatenation.",
  "risk": "",
  "issue": "",
  "advice": "Replace string concatenation in Turbine queries with PreparedStatement and parameterized queries using setString() and other typed setters. Use BasePeer.executeQuery() with parameter placeholders (?). Validate and sanitize all user input before database operations.",
  "vendor": "opengrep"
}
