{
  "id": "java-overly-permissive-file-permissions",
  "name": "Overly Permissive File Permissions using Java NIO",
  "severity": "HIGH",
  "category": "Security Warning",
  "language": [
    "JAVA"
  ],
  "cwe": [
    "https://cwe.mitre.org/data/definitions/276.html"
  ],
  "description": "Overly permissive file permissions vulnerability detected. Files are granted read, write, or execute  access to others/world, allowing unauthorized users to access sensitive data, modify critical files,  or execute malicious code. This can lead to data breaches, privilege escalation, or system compromise.  Follow the principle of least privilege: use 644 (rw-r--r--) for regular files, 755 (rwxr-xr-x) for  directories, or more restrictive permissions like 600 (rw-------) for sensitive files.",
  "risk": "",
  "issue": "",
  "advice": "Use restrictive file permissions following the principle of least privilege. Set permissions to 644 (rw-r--r--) for regular files, 755 (rwxr-xr-x) for directories, or 600 (rw-------) for sensitive files. Avoid granting OTHERS_READ, OTHERS_WRITE, or OTHERS_EXECUTE permissions unless absolutely necessary.",
  "vendor": "opengrep"
}
