{
  "id": "java-kucoin-secret-key",
  "name": "Hardcoded KuCoin API Key",
  "severity": "HIGH",
  "category": "Security Error",
  "language": [
    "JAVA"
  ],
  "cwe": [
    "https://cwe.mitre.org/data/definitions/798.html"
  ],
  "description": "Hardcoded KuCoin API secret key detected. Exposed API keys allow attackers to access your KuCoin account, execute unauthorized trades, withdraw funds, and access sensitive trading data. This can lead to financial loss and account compromise. Store KuCoin credentials in environment variables, encrypted configuration files, or a secure  secrets management system like HashiCorp Vault or AWS Secrets Manager. Never commit  credentials to source code repositories.",
  "risk": "",
  "issue": "",
  "advice": "Store KuCoin API keys in environment variables or secure secrets management systems like HashiCorp Vault or AWS Secrets Manager. Load credentials at runtime using System.getenv() or configuration libraries. Never hardcode API keys in source code as they can be exposed in repositories and logs.",
  "vendor": "opengrep"
}
