{
  "id": "java-sax-dtd-enabled",
  "name": "XXE using SAX",
  "severity": "HIGH",
  "category": "Security Error",
  "language": [
    "JAVA"
  ],
  "cwe": [
    "https://cwe.mitre.org/data/definitions/611.html"
  ],
  "description": "XML processor instantiated without disabling external entity processing, which can lead to XXE attacks. Configure the parser to disable DTD processing and external entities by calling setFeature methods.",
  "risk": "",
  "issue": "",
  "advice": "Disable DTD processing and external entities by calling setFeature() with disallow-doctype-decl=true, external-general-entities=false, and external-parameter-entities=false. Apply these settings immediately after creating SAXReader, SAXBuilder, or SAXParserFactory instances.",
  "vendor": "opengrep"
}
