{
  "id": "java-kraken-access-token",
  "name": "Hardcoded Kraken API Token using Java",
  "severity": "HIGH",
  "category": "Security Error",
  "language": [
    "JAVA"
  ],
  "cwe": [
    "https://cwe.mitre.org/data/definitions/798.html"
  ],
  "description": "Hardcoded Kraken API access token detected. Store credentials in environment variables or a secure vault instead of source code.",
  "risk": "",
  "issue": "",
  "advice": "Store Kraken API tokens in environment variables or a secure vault service like HashiCorp Vault or AWS Secrets Manager. Load credentials at runtime using System.getenv() or a configuration management library. Never commit API keys to source code repositories.",
  "vendor": "opengrep"
}
