{
  "id": "java-path-traversal-warning",
  "name": "Path Traversal using Java File APIs",
  "severity": "HIGH",
  "category": "Security Warning",
  "language": [
    "JAVA"
  ],
  "cwe": [
    "https://cwe.mitre.org/data/definitions/22.html"
  ],
  "description": "Method parameter flows to file path operation. This method accepts a parameter that reaches a file system sink. While not necessarily a vulnerability (the caller may pass safe values), this is a risky code pattern where untrusted input could access arbitrary files. Consider validating paths or using FilenameUtils.getName().",
  "risk": "",
  "issue": "",
  "advice": "Validate file paths against an allowlist of permitted directories. Use FilenameUtils.getName() to strip directory components, or Path.normalize() followed by startsWith() checks. Consider using a secure file access wrapper that restricts operations to a designated safe directory.",
  "vendor": "opengrep"
}
