{
  "id": "java-xxe-documentbuilderfactory-missing-doctype-disable",
  "name": "XXE using DocumentBuilderFactory",
  "severity": "HIGH",
  "category": "Security Error",
  "language": [
    "JAVA"
  ],
  "cwe": [
    "https://cwe.mitre.org/data/definitions/611.html"
  ],
  "description": "XML External Entity (XXE) vulnerability in DocumentBuilderFactory. Disable DOCTYPE declarations by setting the feature \"http://apache.org/xml/features/disallow-doctype-decl\" to true, or disable external entities by setting both \"http://xml.org/sax/features/external-general-entities\" and \"http://xml.org/sax/features/external-parameter-entities\" to false.",
  "risk": "",
  "issue": "",
  "advice": "Disable DOCTYPE declarations by setting factory.setFeature(\"http://apache.org/xml/features/disallow-doctype-decl\", true). Alternatively, disable external entities by setting both \"http://xml.org/sax/features/external-general-entities\" and \"http://xml.org/sax/features/external-parameter-entities\" to false before calling newDocumentBuilder().",
  "vendor": "opengrep"
}
