{
  "id": "java-rmi-dangerous-object-deserialization",
  "name": "Insecure Deserialization using Java RMI",
  "severity": "HIGH",
  "category": "Security Error",
  "language": [
    "JAVA"
  ],
  "cwe": [
    "https://cwe.mitre.org/data/definitions/502.html"
  ],
  "description": "RMI interface method accepts complex object parameters that could lead to insecure deserialization vulnerabilities. Use primitive types, String, or integer IDs to look up objects instead of accepting arbitrary objects as parameters.",
  "risk": "",
  "issue": "",
  "advice": "Replace complex object parameters in RMI interface methods with primitive types, String, or integer IDs. Use these safe parameters to look up objects server-side instead of accepting arbitrary serialized objects. This prevents malicious deserialization attacks through RMI calls.",
  "vendor": "opengrep"
}
