{
  "id": "java-path-traversal-filenameutils",
  "name": "Path Traversal using Apache Commons IO",
  "severity": "HIGH",
  "category": "Security Error",
  "language": [
    "JAVA"
  ],
  "cwe": [
    "https://cwe.mitre.org/data/definitions/22.html"
  ],
  "description": "Path traversal vulnerability detected through FilenameUtils usage with user input. Validate and sanitize file paths using FilenameUtils.getName() with proper base path restrictions.",
  "risk": "",
  "issue": "",
  "advice": "Use FilenameUtils.getName() to extract only the filename component before path operations. Validate resolved paths stay within intended base directories using Path.startsWith(). Always sanitize user input and use allowlists for permitted file operations.",
  "vendor": "opengrep"
}
