{
  "id": "java-crypto-weak-hmac",
  "name": "Weak HMAC Algorithm",
  "severity": "MEDIUM",
  "category": "Security Warning",
  "language": [
    "JAVA"
  ],
  "cwe": [
    "https://cwe.mitre.org/data/definitions/328.html"
  ],
  "description": "Weak HMAC algorithm detected using MD5 or SHA-1. While HMAC construction provides some protection against collision attacks, using weak hash functions reduces the security margin and is deprecated by NIST. Use HMAC-SHA256 or HMAC-SHA512 for message authentication codes.",
  "risk": "",
  "issue": "",
  "advice": "Replace HmacMD5 and HmacSHA1 with stronger HMAC algorithms. Use HmacSHA256, HmacSHA384, or HmacSHA512 for message authentication codes.",
  "vendor": "opengrep"
}
