{
  "id": "java-ldap-entry-poisoning",
  "name": "LDAP Entry Poisoning using Java LDAP",
  "severity": "HIGH",
  "category": "Security Error",
  "language": [
    "JAVA"
  ],
  "cwe": [
    "https://cwe.mitre.org/data/definitions/90.html"
  ],
  "description": "LDAP entry poisoning vulnerability detected. The SearchControls.setReturningObjFlag(true)  setting allows LDAP responses to return Java objects instead of just attributes. Attackers  can exploit this by controlling LDAP server responses to return malicious serialized objects,  potentially leading to remote code execution through Java deserialization attacks. This can  result in complete system compromise, data theft, or lateral movement within the network.  Always use setReturningObjFlag(false) or omit this setting entirely (defaults to false) to  only return LDAP attributes as safe string values.",
  "risk": "",
  "issue": "",
  "advice": "Always use setReturningObjFlag(false) or omit this setting entirely as it defaults to false. This ensures LDAP responses return only safe string attributes instead of potentially malicious serialized Java objects. Validate and sanitize all LDAP query inputs to prevent injection attacks.",
  "vendor": "opengrep"
}
