{
  "id": "java-crypto-weak-cipher-other",
  "name": "Weak Cipher Algorithm (RC2/IDEA/Blowfish)",
  "severity": "MEDIUM",
  "category": "Security Error",
  "language": [
    "JAVA"
  ],
  "cwe": [
    "https://cwe.mitre.org/data/definitions/327.html"
  ],
  "description": "Weak or deprecated cipher algorithm detected (RC2, IDEA, or Blowfish). These algorithms have known weaknesses or are considered obsolete. RC2 has an effective 40-bit security level. IDEA is patented and deprecated. Blowfish has a 64-bit block size vulnerable to birthday attacks. Use AES-256-GCM or ChaCha20-Poly1305 for secure authenticated encryption.",
  "risk": "",
  "issue": "",
  "advice": "Replace these deprecated algorithms with AES-256-GCM for authenticated encryption. Example: Cipher.getInstance(\"AES/GCM/NoPadding\").",
  "vendor": "opengrep"
}
