{
  "id": "java-xxe-jaxb-unmarshaller",
  "name": "XXE using JAXB",
  "severity": "HIGH",
  "category": "Security Error",
  "language": [
    "JAVA"
  ],
  "cwe": [
    "https://cwe.mitre.org/data/definitions/611.html"
  ],
  "description": "XXE vulnerability in JAXB Unmarshaller. Parse untrusted XML through a secure parser with XXE protection enabled before passing to Unmarshaller.",
  "risk": "",
  "issue": "",
  "advice": "Configure XMLInputFactory to disable external entities before creating the Unmarshaller: factory.setProperty(XMLInputFactory.SUPPORT_DTD, false) and factory.setProperty(XMLInputFactory.IS_SUPPORTING_EXTERNAL_ENTITIES, false). Use the secured XMLStreamReader with JAXB unmarshalling.",
  "vendor": "opengrep"
}
