{
  "id": "java-xxe-saxparserfactory",
  "name": "XXE using SAXParserFactory",
  "severity": "HIGH",
  "category": "Security Error",
  "language": [
    "JAVA"
  ],
  "cwe": [
    "https://cwe.mitre.org/data/definitions/611.html"
  ],
  "description": "XML External Entity (XXE) vulnerability in SAXParserFactory. The parser is created and used without proper XXE protection, allowing attackers to read arbitrary files, perform Server-Side Request Forgery (SSRF), or cause denial of service through XML entity expansion. Configure security by either: 1) Set setFeature(\"http://apache.org/xml/features/disallow-doctype-decl\", true), or 2) Disable external entities with setFeature(\"http://xml.org/sax/features/external-parameter-entities\", false) AND setFeature(\"http://xml.org/sax/features/external-general-entities\", false).",
  "risk": "",
  "issue": "",
  "advice": "Configure SAXParserFactory to prevent XXE by setting setFeature(\"http://apache.org/xml/features/disallow-doctype-decl\", true) to disable DTDs entirely. Alternatively, disable external entities with setFeature(\"http://xml.org/sax/features/external-general-entities\", false) and setFeature(\"http://xml.org/sax/features/external-parameter-entities\", false).",
  "vendor": "opengrep"
}
