{
  "id": "java-freshbooks-access-token",
  "name": "Hardcoded Credentials using FreshBooks API",
  "severity": "HIGH",
  "category": "Security Error",
  "language": [
    "JAVA"
  ],
  "cwe": [
    "https://cwe.mitre.org/data/definitions/798.html"
  ],
  "description": "Hardcoded FreshBooks access token vulnerability. Embedding API tokens directly in source code exposes credentials to anyone with code access, including version control history, leading to unauthorized API access, data breaches, and account compromise. Store credentials securely using environment variables (System.getenv(\"FRESHBOOKS_ACCESS_TOKEN\")), property files outside the codebase, or a dedicated credential management system like AWS Secrets Manager or HashiCorpVault.",
  "risk": "",
  "issue": "",
  "advice": "Store FreshBooks access tokens in environment variables using System.getenv(\"FRESHBOOKS_ACCESS_TOKEN\") or secure credential management systems like AWS Secrets Manager. Never hardcode API tokens in source code as they expose credentials in version control history and to anyone with code access.",
  "vendor": "opengrep"
}
