{
  "id": "java-xxe-unsafe-config",
  "name": "XXE using Java XML",
  "severity": "HIGH",
  "category": "Security Error",
  "language": [
    "JAVA"
  ],
  "cwe": [
    "https://cwe.mitre.org/data/definitions/611.html"
  ],
  "description": "XML External Entity (XXE) vulnerability detected. Dangerous XML processing configuration explicitly enables external entity processing or disables DOCTYPE restrictions, allowing attackers to read arbitrary files, perform Server-Side Request Forgery (SSRF), or cause denial of service through XML entity expansion attacks. Never set external entity features to true or disallow-doctype-decl to false. Instead, disable external entity processing entirely.",
  "risk": "",
  "issue": "",
  "advice": "Disable external entity processing by setting external-general-entities and external-parameter-entities features to false. For XMLInputFactory, set IS_SUPPORTING_EXTERNAL_ENTITIES and SUPPORT_DTD to false. Always enable disallow-doctype-decl feature to true for complete protection.",
  "vendor": "opengrep"
}
