{
  "id": "java-weak-tls-default-http-client",
  "name": "Weak TLS Configuration using Apache HttpClient",
  "severity": "MEDIUM",
  "category": "Security Error",
  "language": [
    "JAVA"
  ],
  "cwe": [
    "https://cwe.mitre.org/data/definitions/295.html"
  ],
  "description": "Weak TLS configuration detected. The deprecated DefaultHttpClient and related Apache HttpClient  constructors do not verify SSL hostnames by default and may use weak TLS protocols, making  applications vulnerable to man-in-the-middle attacks and certificate spoofing. Attackers can  intercept sensitive data or inject malicious content. Use the modern HttpClient from  java.net.http package (Java 11+) which provides secure defaults, or configure Apache HttpClient  with proper SSL context and hostname verification.",
  "risk": "",
  "issue": "",
  "advice": "Use java.net.http.HttpClient (Java 11+) which provides secure defaults, or configure Apache HttpClient with proper SSL context and hostname verification. Set custom SSLContext with strong protocols and enable hostname verification using setHostnameVerifier().",
  "vendor": "opengrep"
}
