{
  "id": "java-defined-networking-api-token",
  "name": "Hardcoded API Token using Defined Networking",
  "severity": "HIGH",
  "category": "Security Error",
  "language": [
    "JAVA"
  ],
  "cwe": [
    "https://cwe.mitre.org/data/definitions/798.html"
  ],
  "description": "Hardcoded Defined Networking API token vulnerability detected. API tokens embedded in source code can be extracted by anyone with access to the codebase, version control history, or compiled binaries, allowing attackers to impersonate your application and access sensitive networking resources. This can lead to unauthorized network access, data exfiltration, or service abuse. Store credentials in environment variables (System.getenv()), secure configuration files outside the codebase, or a dedicated secrets management vault instead of hardcoding them in source code.",
  "risk": "",
  "issue": "",
  "advice": "Store API tokens in environment variables using System.getenv() or secure configuration files outside the codebase. Use a dedicated secrets management service like AWS Secrets Manager or HashiCorp Vault for production environments. Never commit credentials to version control.",
  "vendor": "opengrep"
}
