{
  "id": "java-xxe-doctype-decl-false",
  "name": "XXE using Java XML",
  "severity": "HIGH",
  "category": "Security Error",
  "language": [
    "JAVA"
  ],
  "cwe": [
    "https://cwe.mitre.org/data/definitions/611.html"
  ],
  "description": "XML External Entity (XXE) vulnerability due to enabled DOCTYPE declarations. Set the feature \"http://apache.org/xml/features/disallow-doctype-decl\" to true or configure alternative XXE protections.",
  "risk": "",
  "issue": "",
  "advice": "Set disallow-doctype-decl to true to prevent XXE attacks: factory.setFeature(\"http://apache.org/xml/features/disallow-doctype-decl\", true). Alternatively, disable external entities by setting external-general-entities and external-parameter-entities features to false.",
  "vendor": "opengrep"
}
