{
  "id": "java-hardcoded-gcp-api-key",
  "name": "Hardcoded GCP API Key",
  "severity": "HIGH",
  "category": "Security Error",
  "language": [
    "JAVA"
  ],
  "cwe": [
    "https://cwe.mitre.org/data/definitions/798.html"
  ],
  "description": "Hardcoded Google Cloud Platform API key detected. Exposed API keys allow attackers to access GCP services under your account, potentially leading to unauthorized data access, resource manipulation, or billing fraud. Store API keys securely using environment variables, Google Secret Manager, or other credential management systems. Never commit API keys to source code repositories.",
  "risk": "",
  "issue": "",
  "advice": "Store GCP API keys in environment variables or Google Secret Manager instead of hardcoding them. Use Application Default Credentials (ADC) when possible for automatic credential management. Rotate any exposed keys immediately and review access logs for unauthorized usage.",
  "vendor": "opengrep"
}
