{
  "id": "java-http-components-cleartext",
  "name": "Cleartext HTTP using Apache HTTP Components",
  "severity": "MEDIUM",
  "category": "Security Warning",
  "language": [
    "JAVA"
  ],
  "cwe": [
    "https://cwe.mitre.org/data/definitions/319.html"
  ],
  "description": "Cleartext HTTP vulnerability detected in Apache HTTP Components. HTTP traffic is transmitted unencrypted, allowing attackers to intercept, modify, or steal sensitive data through man-in-the-middle attacks, packet sniffing, or network eavesdropping. This exposes user credentials, session tokens, and application data. Always use HTTPS URLs with proper certificate validation to encrypt traffic in transit and protect against network-based attacks.",
  "risk": "",
  "issue": "",
  "advice": "Replace HTTP URLs with HTTPS URLs in all HTTP request constructors. Configure the HttpClient with proper SSL context and certificate validation. Use TLS 1.2 or higher and verify server certificates to prevent man-in-the-middle attacks.",
  "vendor": "opengrep"
}
