{
  "id": "java-xss-request-wrapper-insecure",
  "name": "XSS using Custom Request Wrapper",
  "severity": "MEDIUM",
  "category": "Security Error",
  "language": [
    "JAVA"
  ],
  "cwe": [
    "https://cwe.mitre.org/data/definitions/79.html"
  ],
  "description": "Insecure XSSRequestWrapper implementation detected that can be bypassed by attackers. Custom XSS filtering is prone to bypass through encoded payloads, CSS expressions, event handlers, or incomplete pattern matching. Attackers can exploit these gaps to inject malicious scripts, steal user sessions, or perform actions on behalf of users. Use a web framework with automatic output encoding (Spring Security, JSF) or a well-tested XSS prevention library like OWASP Java Encoder instead of custom filtering.",
  "risk": "",
  "issue": "",
  "advice": "Replace custom XSS filtering with framework-provided output encoding like Spring Security's HtmlUtils.htmlEscape() or OWASP Java Encoder. Use context-aware encoding at output time rather than input filtering. Implement Content Security Policy (CSP) headers as additional defense.",
  "vendor": "opengrep"
}
