{
  "id": "java-jwt-decode-without-verify",
  "name": "JWT Verification Bypass using Auth0",
  "severity": "HIGH",
  "category": "Security Error",
  "language": [
    "JAVA"
  ],
  "cwe": [
    "https://cwe.mitre.org/data/definitions/345.html"
  ],
  "description": "JWT token decoded without verification. Unverified JWT tokens can be forged by attackers, allowing them to impersonate users, escalate privileges, or bypass authentication entirely. JWT signatures must be validated to ensure token integrity and authenticity. Always call verify() on the JWT before using its claims, or use JWTVerifier.verify() instead of JWT.decode() for Auth0 library.",
  "risk": "",
  "issue": "",
  "advice": "Replace JWT.decode() with JWTVerifier.verify() to validate token signatures. Create a JWTVerifier instance with your algorithm and secret, then call verifier.verify(token) instead of JWT.decode(token). Never trust decoded JWT claims without signature verification.",
  "vendor": "opengrep"
}
