{
  "id": "java-crypto-padding-oracle",
  "name": "Padding Oracle Vulnerability (CBC with PKCS Padding)",
  "severity": "MEDIUM",
  "category": "Security Warning",
  "language": [
    "JAVA"
  ],
  "cwe": [
    "https://cwe.mitre.org/data/definitions/649.html"
  ],
  "description": "CBC mode with PKCS5/PKCS7 padding is vulnerable to padding oracle attacks. An attacker who can observe whether decryption fails due to invalid padding can iteratively decrypt ciphertext without the key. This attack has been used against TLS (POODLE, Lucky13) and many application-layer protocols. Use authenticated encryption modes like AES/GCM/NoPadding which provide both confidentiality and integrity protection.",
  "risk": "",
  "issue": "",
  "advice": "Replace CBC mode with PKCS padding with an authenticated encryption mode. Use AES/GCM/NoPadding which provides both encryption and integrity protection, making padding oracle attacks impossible.",
  "vendor": "opengrep"
}
