{
  "id": "java-el-injection",
  "name": "Expression Language Injection using Java EL",
  "severity": "HIGH",
  "category": "Security Error",
  "language": [
    "JAVA"
  ],
  "cwe": [
    "https://cwe.mitre.org/data/definitions/94.html"
  ],
  "description": "Expression Language (EL) injection vulnerability. Validate and sanitize user input before using it in EL expressions, or use safe alternatives that don't evaluate dynamic expressions.",
  "risk": "",
  "issue": "",
  "advice": "Avoid dynamic EL expression creation with user input. Use parameterized expressions or static expressions with setValue() for dynamic values. If dynamic expressions are required, validate input against a strict allowlist and use SecurityManager restrictions.",
  "vendor": "opengrep"
}
