{
  "id": "java-rapidapi-access-token",
  "name": "Hardcoded RapidAPI Token",
  "severity": "HIGH",
  "category": "Security Error",
  "language": [
    "JAVA"
  ],
  "cwe": [
    "https://cwe.mitre.org/data/definitions/798.html"
  ],
  "description": "Hardcoded RapidAPI access token detected in source code. Exposed API tokens allow attackers to make unauthorized API calls on your behalf, potentially exhausting rate limits, accessing sensitive data, or incurring unexpected charges. This can lead to service disruption, data breaches, or financial impact. Store credentials securely using environment variables (System.getenv(\"RAPIDAPI_KEY\")), property files outside the codebase, or a secure vault service instead of hardcoding them in source code.",
  "risk": "",
  "issue": "",
  "advice": "Store RapidAPI tokens in environment variables using System.getenv(\"RAPIDAPI_KEY\") or secure configuration files outside the codebase. Never hardcode API credentials in source code. Consider using a secrets management service for production environments.",
  "vendor": "opengrep"
}
