{
  "id": "java-xxe-xmlreader-factory",
  "name": "XXE using XMLReaderFactory",
  "severity": "HIGH",
  "category": "Security Error",
  "language": [
    "JAVA"
  ],
  "cwe": [
    "https://cwe.mitre.org/data/definitions/611.html"
  ],
  "description": "XML External Entity (XXE) vulnerability detected in XMLReaderFactory usage without secure processing enabled. Configure the XMLReader with secure features to prevent XXE attacks.",
  "risk": "",
  "issue": "",
  "advice": "Enable secure processing by calling xmlReader.setFeature(XMLConstants.FEATURE_SECURE_PROCESSING, true) before parsing. Also disable external DTDs with setFeature(\"http://apache.org/xml/features/disallow-doctype-decl\", true). Always configure XMLReader security features before calling parse().",
  "vendor": "opengrep"
}
