{
  "id": "java-format-string-injection",
  "name": "Format String Injection using Java",
  "severity": "HIGH",
  "category": "Security Error",
  "language": [
    "JAVA"
  ],
  "cwe": [
    "https://cwe.mitre.org/data/definitions/134.html"
  ],
  "description": "Format string injection vulnerability. Use hardcoded format strings with user input only in the data arguments, never in the format string parameter.",
  "risk": "",
  "issue": "",
  "advice": "Use hardcoded format strings with String.format() and printf() methods. Pass user input only as data arguments, never as the format string parameter. Validate format specifiers against an allowlist if dynamic formatting is required.",
  "vendor": "opengrep"
}
