{
  "id": "java-crypto-weak-cipher-des",
  "name": "Weak DES/3DES Cipher Algorithm",
  "severity": "MEDIUM",
  "category": "Security Error",
  "language": [
    "JAVA"
  ],
  "cwe": [
    "https://cwe.mitre.org/data/definitions/327.html"
  ],
  "description": "Weak DES or 3DES (DESede/TripleDES) cipher detected. DES has a 56-bit key which is trivially brute-forceable, and 3DES is deprecated due to its 64-bit block size vulnerability (Sweet32 attack). Use AES-256-GCM or ChaCha20-Poly1305 for secure authenticated encryption.",
  "risk": "",
  "issue": "",
  "advice": "Replace DES and 3DES with AES-256-GCM for authenticated encryption. Example: Cipher.getInstance(\"AES/GCM/NoPadding\") with a 256-bit key.",
  "vendor": "opengrep"
}
