{
  "id": "java-google-oauth-client-id",
  "name": "Hardcoded Credentials using Google OAuth",
  "severity": "HIGH",
  "category": "Security Error",
  "language": [
    "JAVA"
  ],
  "cwe": [
    "https://cwe.mitre.org/data/definitions/798.html"
  ],
  "description": "Google OAuth client ID hardcoded in source code. Hardcoded OAuth credentials pose a significant security risk as they can be extracted from compiled code, version control systems, or application binaries, allowing attackers to impersonate your application and access user data. Store client IDs in environment variables (GOOGLE_CLIENT_ID), secure configuration files, or use a secrets management system like HashiCorp Vault or AWS Secrets Manager. Load credentials at runtime using System.getenv() or @Value annotations in Spring.",
  "risk": "",
  "issue": "",
  "advice": "Store Google OAuth client IDs in environment variables or secure configuration files instead of hardcoding them. Use System.getenv(\"GOOGLE_CLIENT_ID\") or Spring's @Value(\"${google.client.id}\") to load credentials at runtime. Consider using secrets management systems like HashiCorp Vault or AWS Secrets Manager for production environments.",
  "vendor": "opengrep"
}
