{
  "id": "java-el-injection-warning",
  "name": "Expression Language Injection using Java EL",
  "severity": "HIGH",
  "category": "Security Warning",
  "language": [
    "JAVA"
  ],
  "cwe": [
    "https://cwe.mitre.org/data/definitions/94.html"
  ],
  "description": "Potential Expression Language (EL) injection. Method parameters flow to EL expression creation. If these parameters can be influenced by user input, attackers could execute arbitrary code. Use safe alternatives that don't evaluate dynamic expressions, or strictly validate input.",
  "risk": "",
  "issue": "",
  "advice": "Avoid creating EL expressions from user input. Use static expressions with safe variable binding via ELContext.setVariable(). For dynamic content, use parameterized templates or whitelist-based validation. Consider safer alternatives like direct method calls instead of EL evaluation.",
  "vendor": "opengrep"
}
