{
  "id": "java-weak-ssl-tls",
  "name": "Weak SSL/TLS Protocol using Java SSL",
  "severity": "MEDIUM",
  "category": "Security Error",
  "language": [
    "JAVA"
  ],
  "cwe": [
    "https://cwe.mitre.org/data/definitions/327.html"
  ],
  "description": "Insecure SSL/TLS protocol detected. SSLv2, SSLv3, TLSv1.0, and TLSv1.1 have known vulnerabilities including POODLE, BEAST, CRIME, and BREACH attacks that allow attackers to decrypt communications. These protocols are deprecated by RFC 8996. Use TLSv1.2 or TLSv1.3 for secure communications. Configure SSLContext with \"TLSv1.2\" or \"TLSv1.3\" and ensure setEnabledProtocols uses only secure versions.",
  "risk": "",
  "issue": "",
  "advice": "Use TLSv1.2 or TLSv1.3 instead of deprecated protocols. Configure SSLContext with SSLContext.getInstance(\"TLSv1.2\") and use setEnabledProtocols() with secure protocol arrays. Avoid SSLv2, SSLv3, TLSv1.0, and TLSv1.1 which have known vulnerabilities.",
  "vendor": "opengrep"
}
