{
  "id": "java-jpa-sqli-warning",
  "name": "Potential SQL Injection in JPA Query",
  "severity": "HIGH",
  "category": "Security Warning",
  "language": [
    "JAVA"
  ],
  "cwe": [
    "https://cwe.mitre.org/data/definitions/89.html"
  ],
  "description": "Potential SQL injection vulnerability in JPA query. Method parameters flow to EntityManager query methods without parameterization. If these parameters can be influenced by user input, this could allow attackers to execute arbitrary SQL. Use named or positional parameters with setParameter() instead of string concatenation.",
  "risk": "",
  "issue": "",
  "advice": "Use named or positional parameters with query.setParameter() instead of string concatenation. Never concatenate method parameters directly into createQuery() or createNativeQuery() methods.",
  "vendor": "opengrep"
}
