{
  "id": "java-scalingo-api-token",
  "name": "Hardcoded API Token using Scalingo",
  "severity": "HIGH",
  "category": "Security Error",
  "language": [
    "JAVA"
  ],
  "cwe": [
    "https://cwe.mitre.org/data/definitions/798.html"
  ],
  "description": "Hardcoded Scalingo API token detected in source code. Embedding API tokens directly  in code creates security risks as tokens can be exposed through version control,  logs, or code sharing, allowing unauthorized access to Scalingo services and  potential data breaches. Store credentials securely using environment variables  (System.getenv(\"SCALINGO_API_TOKEN\")), Java system properties, or a secure vault  service instead of hardcoding them in source files.",
  "risk": "",
  "issue": "",
  "advice": "Remove hardcoded Scalingo API tokens from source code and store them securely using environment variables with System.getenv(\"SCALINGO_API_TOKEN\"). Use Java system properties or a secure vault service for credential management. Never commit API tokens to version control systems.",
  "vendor": "opengrep"
}
