{
  "id": "java-aws-session-token-hardcoded",
  "name": "Hardcoded Credentials using AWS",
  "severity": "HIGH",
  "category": "Security Error",
  "language": [
    "JAVA"
  ],
  "cwe": [
    "https://cwe.mitre.org/data/definitions/798.html"
  ],
  "description": "Hardcoded AWS Session Token detected. Session tokens should never be hardcoded in source code. Use AWS IAM roles, environment variables, or secure credential providers instead.",
  "risk": "",
  "issue": "",
  "advice": "Remove hardcoded session tokens from source code. Use AWS IAM roles for EC2/Lambda, or retrieve credentials from environment variables, AWS Systems Manager Parameter Store, or AWS Secrets Manager. Configure proper credential rotation policies.",
  "vendor": "opengrep"
}
