{
  "id": "java-vault-batch-token-hardcoded",
  "name": "Hardcoded Credentials using Vault",
  "severity": "HIGH",
  "category": "Security Error",
  "language": [
    "JAVA"
  ],
  "cwe": [
    "https://cwe.mitre.org/data/definitions/798.html"
  ],
  "description": "Hardcoded Vault batch token detected in source code. Hardcoded credentials allow attackers who gain access to the source code to authenticate to HashiCorp Vault, potentially accessing sensitive secrets, encryption keys, and database credentials. This can lead to data breaches, privilege escalation, and lateral movement within your infrastructure. Store Vault tokens in environment variables, use Vault's auth methods (AWS IAM, Kubernetes, etc.), or retrieve tokens dynamically from a secure credential management system instead of embedding them in code.",
  "risk": "",
  "issue": "",
  "advice": "Store Vault tokens in environment variables using System.getenv(\"VAULT_TOKEN\"). Use Vault's dynamic auth methods like AWS IAM or Kubernetes service accounts. Retrieve tokens at runtime from secure credential management systems instead of hardcoding them in source code.",
  "vendor": "opengrep"
}
