{
  "id": "java-spring-internetaddresseditor-usage",
  "name": "",
  "severity": "HIGH",
  "category": "Security Warning",
  "language": [
    "JAVA"
  ],
  "cwe": [],
  "description": "Email parsing with encoded content vulnerability. Spring InternetAddressEditor relies on  Jakarta Mail parsing and automatically decodes RFC 2047 encoded personal names, which can  contain arbitrary content including special characters or scripts. Attackers can use encoded  personal names to bypass validation or inject malicious content. Ensure the resulting  personal/name fields are properly sanitized and not used as trust signals or in security decisions.",
  "risk": "",
  "issue": "",
  "advice": "",
  "vendor": "opengrep"
}
