{
  "id": "java-wicket-xss-disabled-escaping",
  "name": "XSS using Wicket",
  "severity": "MEDIUM",
  "category": "Security Error",
  "language": [
    "JAVA"
  ],
  "cwe": [
    "https://cwe.mitre.org/data/definitions/79.html"
  ],
  "description": "Cross-Site Scripting (XSS) vulnerability detected. HTML escaping has been disabled on a Wicket Label component. Remove the setEscapeModelStrings(false) call or use Component.escapeMarkup() to sanitize user input.",
  "risk": "",
  "issue": "",
  "advice": "Remove the setEscapeModelStrings(false) call to enable automatic HTML escaping. If raw HTML is needed, use Component.escapeMarkup() to sanitize user input before display. Consider using MultiLineLabel for plain text content.",
  "vendor": "opengrep"
}
