{
  "id": "java-permissive-cors",
  "name": "Permissive CORS using Spring",
  "severity": "MEDIUM",
  "category": "Security Warning",
  "language": [
    "JAVA"
  ],
  "cwe": [
    "https://cwe.mitre.org/data/definitions/183.html"
  ],
  "description": "Permissive CORS (Cross-Origin Resource Sharing) policy detected. The Access-Control-Allow-Origin header is set to wildcard (*) or null, which allows any website to make cross-origin requests to your application. This can lead to data theft, CSRF attacks, and unauthorized access to sensitive user data from malicious websites. Configure Access-Control-Allow-Origin to specific trusted domains (e.g., \"https://trusted-domain.com\") instead of using wildcard (*) or null values. For multiple domains, implement server-side logic to validate and set the header dynamically based on a whitelist of allowed origins.",
  "risk": "",
  "issue": "",
  "advice": "Replace wildcard (*) or null values in Access-Control-Allow-Origin with specific trusted domains like \"https://trusted-domain.com\". For multiple origins, implement server-side validation using a whitelist and set the header dynamically. Consider using Spring's @CrossOrigin annotation with specific origins parameter.",
  "vendor": "opengrep"
}
