{
  "id": "java-xmlinputfactory-external-entities-enabled",
  "name": "XXE using XMLInputFactory",
  "severity": "HIGH",
  "category": "Security Error",
  "language": [
    "JAVA"
  ],
  "cwe": [
    "https://cwe.mitre.org/data/definitions/611.html"
  ],
  "description": "XML external entity (XXE) vulnerability detected. XMLInputFactory has external entity processing enabled which can lead to information disclosure or denial of service. Set \"javax.xml.stream.isSupportingExternalEntities\" and \"javax.xml.stream.supportDTD\" to false to disable external entity processing.",
  "risk": "",
  "issue": "",
  "advice": "Set XMLInputFactory.setProperty(\"javax.xml.stream.isSupportingExternalEntities\", false) and XMLInputFactory.setProperty(XMLInputFactory.SUPPORT_DTD, false) to disable external entity processing. This prevents XXE attacks by blocking external entity resolution and DTD processing.",
  "vendor": "opengrep"
}
