{
  "id": "java-deprecated-defaulthttpclient",
  "name": "Weak Cryptography using Apache HttpClient",
  "severity": "HIGH",
  "category": "Security Warning",
  "language": [
    "JAVA"
  ],
  "cwe": [
    "https://cwe.mitre.org/data/definitions/326.html"
  ],
  "description": "Deprecated DefaultHttpClient usage detected. DefaultHttpClient lacks proper TLS 1.2+  support and secure default configurations. Use HttpClientBuilder.create().build()  instead for secure HTTP communications.",
  "risk": "",
  "issue": "",
  "advice": "Replace deprecated DefaultHttpClient with HttpClientBuilder.create().build() which provides secure TLS 1.2+ support by default. Configure explicit TLS versions and cipher suites if needed. Avoid deprecated HTTP client libraries that lack modern security features.",
  "vendor": "opengrep"
}
