{
  "id": "java-insecure-smtp-connection",
  "name": "Certificate Validation Bypass using Apache Commons Email",
  "severity": "MEDIUM",
  "category": "Security Error",
  "language": [
    "JAVA"
  ],
  "cwe": [
    "https://cwe.mitre.org/data/definitions/297.html"
  ],
  "description": "Insecure SMTP connection vulnerability detected. The email client is configured to bypass SSL certificate verification, making it vulnerable to man-in-the-middle attacks where attackers can intercept credentials and email content by presenting invalid certificates. Always enable certificate verification by calling setSSLCheckServerIdentity(true) before sending emails to ensure the server's identity is properly validated.",
  "risk": "",
  "issue": "",
  "advice": "Always call setSSLCheckServerIdentity(true) on email objects before sending to enable SSL certificate verification. This ensures the server's identity is properly validated and prevents man-in-the-middle attacks. Configure proper SSL/TLS settings for all SMTP connections.",
  "vendor": "opengrep"
}
