{
  "id": "java-ftp-insecure-transport",
  "name": "Insecure FTP Transport using Apache Commons",
  "severity": "MEDIUM",
  "category": "Security Error",
  "language": [
    "JAVA"
  ],
  "cwe": [
    "https://cwe.mitre.org/data/definitions/319.html"
  ],
  "description": "Insecure FTP connection detected. Use FTPS or SFTP instead to encrypt data transmission and protect credentials.",
  "risk": "",
  "issue": "",
  "advice": "Replace FTPClient with FTPSClient for encrypted connections: new FTPSClient(). For SSH-based transfers, use JSch or Apache MINA SSHD libraries with SFTP protocol. Always validate server certificates in production.",
  "vendor": "opengrep"
}
