{
  "id": "java-spring-tainted-sql-string",
  "name": "SQL Injection using Spring",
  "severity": "HIGH",
  "category": "Security Error",
  "language": [
    "JAVA"
  ],
  "cwe": [
    "https://cwe.mitre.org/data/definitions/89.html"
  ],
  "description": "SQL injection vulnerability detected in manually constructed SQL string. Use PreparedStatement with parameterized queries or an ORM instead of string concatenation.",
  "risk": "",
  "issue": "",
  "advice": "Use PreparedStatement with parameterized queries via setString() and other typed setters instead of string concatenation. For Spring applications, prefer JdbcTemplate with named parameters or Spring Data JPA repositories. Never concatenate user input directly into SQL strings.",
  "vendor": "opengrep"
}
