{
  "id": "java-unsafe-deserialization",
  "name": "Unsafe Deserialization using Java",
  "severity": "HIGH",
  "category": "Security Error",
  "language": [
    "JAVA"
  ],
  "cwe": [
    "https://cwe.mitre.org/data/definitions/502.html"
  ],
  "description": "Unsafe deserialization of untrusted data detected. Avoid deserializing untrusted data, use safe serialization formats like JSON, or implement allow-lists for permitted classes.",
  "risk": "",
  "issue": "",
  "advice": "Avoid deserializing untrusted data entirely. Use safe formats like JSON with libraries such as Jackson or Gson. If deserialization is required, implement ValidatingObjectInputStream with strict class allowlists to prevent gadget chain attacks.",
  "vendor": "opengrep"
}
