{
  "id": "java-saml-ignore-comments-disabled",
  "name": "Authentication Bypass using OpenSAML",
  "severity": "HIGH",
  "category": "Security Error",
  "language": [
    "JAVA"
  ],
  "cwe": [
    "https://cwe.mitre.org/data/definitions/1390.html"
  ],
  "description": "SAML XML parser configured to process comments, which could allow authentication bypass.  Do not call setIgnoreComments(false) on BasicParserPool, or ensure ignoreComments remains true.",
  "risk": "",
  "issue": "",
  "advice": "Remove setIgnoreComments(false) calls on BasicParserPool instances or explicitly set setIgnoreComments(true). Comments in SAML XML can be exploited to bypass authentication checks. Always use secure parser configurations that ignore XML comments.",
  "vendor": "opengrep"
}
