{
  "id": "java-reverse-shell",
  "name": "Reverse Shell using Java Runtime",
  "severity": "HIGH",
  "category": "Security Error",
  "language": [
    "JAVA"
  ],
  "cwe": [
    "https://cwe.mitre.org/data/definitions/78.html"
  ],
  "description": "Potential reverse shell code detected. This pattern combines socket creation with process execution, which is a common reverse shell technique.",
  "risk": "",
  "issue": "",
  "advice": "Remove reverse shell code immediately as it enables remote code execution. If legitimate process execution is needed, use ProcessBuilder with argument arrays and avoid socket connections in the same context. Implement proper authentication and authorization for any remote management features.",
  "vendor": "opengrep"
}
