{
  "id": "java-jackson-type-resolver-override",
  "name": "Unsafe Deserialization using Jackson",
  "severity": "HIGH",
  "category": "Quality",
  "language": [
    "JAVA"
  ],
  "cwe": [
    "https://cwe.mitre.org/data/definitions/502.html"
  ],
  "description": "Jackson polymorphic typing detected through custom type resolver configuration. Review type resolver implementation to ensure it validates types against an allowlist and rejects dangerous classes.",
  "risk": "",
  "issue": "",
  "advice": "Avoid enabling default typing or using Id.CLASS in @JsonTypeInfo. Use Id.NAME with explicit @JsonSubTypes annotations to allowlist permitted classes. Implement custom TypeIdResolver with strict validation if polymorphic typing is required.",
  "vendor": "opengrep"
}
