{
  "id": "java-jndi-injection-warning",
  "name": "JNDI Injection using Java JNDI",
  "severity": "HIGH",
  "category": "Security Warning",
  "language": [
    "JAVA"
  ],
  "cwe": [
    "https://cwe.mitre.org/data/definitions/917.html"
  ],
  "description": "Potential JNDI injection vulnerability. Method parameters flow to JNDI lookup operations. If these parameters can be influenced by user input through form binding or other mechanisms, this could allow attackers to connect to arbitrary LDAP/RMI servers and achieve remote code execution (similar to Log4Shell CVE-2021-44228). Verify that input is properly validated or use allowlists for permitted JNDI contexts.",
  "risk": "",
  "issue": "",
  "advice": "Validate JNDI names against a strict allowlist of permitted contexts and object names. Use InitialContext with restricted environment properties to limit accessible naming providers. Consider replacing JNDI lookups with dependency injection frameworks like Spring that provide safer alternatives.",
  "vendor": "opengrep"
}
