{
  "id": "java-sendbird-access-id",
  "name": "Hardcoded Sendbird Credentials",
  "severity": "HIGH",
  "category": "Security Error",
  "language": [
    "JAVA"
  ],
  "cwe": [
    "https://cwe.mitre.org/data/definitions/798.html"
  ],
  "description": "Hardcoded Sendbird credentials detected in source code. Exposed API credentials allow attackers to impersonate your application, access user data, send unauthorized messages, manipulate chat rooms, and potentially access billing information. This can lead to data breaches, service abuse, and financial impact. Store all Sendbird credentials (access IDs, API tokens, app IDs) in environment variables, secure configuration files, or a credential management system instead of hardcoding them in source code.",
  "risk": "",
  "issue": "",
  "advice": "Store Sendbird credentials in environment variables or secure configuration management systems instead of hardcoding them. Use dependency injection to access credentials at runtime. Rotate any exposed credentials immediately and implement secret scanning in CI/CD pipelines.",
  "vendor": "opengrep"
}
