{
  "id": "java-snyk-api-key",
  "name": "Hardcoded Snyk API Key",
  "severity": "HIGH",
  "category": "Security Error",
  "language": [
    "JAVA"
  ],
  "cwe": [
    "https://cwe.mitre.org/data/definitions/798.html"
  ],
  "description": "Hardcoded Snyk API key detected in source code. Hardcoded secrets in code can be exposed  through version control systems, application logs, or memory dumps, allowing attackers to  access your Snyk organization data, scan results, and potentially modify security policies.  Remove the hardcoded API key and use environment variables (System.getenv(\"SNYK_TOKEN\")),  secure configuration management systems, or secret management services instead.",
  "risk": "",
  "issue": "",
  "advice": "Remove hardcoded API keys from source code and use environment variables with System.getenv(\"SNYK_TOKEN\"). Store secrets in secure configuration management systems or dedicated secret management services. Never commit API keys to version control systems.",
  "vendor": "opengrep"
}
