{
  "id": "java-ssh-hardcoded-password",
  "name": "Hardcoded SSH Password using sshpass",
  "severity": "HIGH",
  "category": "Security Error",
  "language": [
    "JAVA"
  ],
  "cwe": [
    "https://cwe.mitre.org/data/definitions/798.html"
  ],
  "description": "Hardcoded SSH password detected in sshpass command. Store credentials securely using environment variables, configuration files, or a secrets management system.",
  "risk": "",
  "issue": "",
  "advice": "Remove hardcoded passwords from sshpass commands. Use SSH key-based authentication or store credentials in environment variables accessed via System.getenv(). Consider using a secrets management system for production environments.",
  "vendor": "opengrep"
}
