{
  "id": "java-marshal-deserialization",
  "name": "Deserialization using Marshal",
  "severity": "HIGH",
  "category": "Security Error",
  "language": [
    "JAVA"
  ],
  "cwe": [
    "https://cwe.mitre.org/data/definitions/502.html"
  ],
  "description": "Unsafe deserialization using marshal module detected. Use safer alternatives like JSON serialization with explicit type validation to prevent deserialization attacks.",
  "risk": "",
  "issue": "",
  "advice": "Replace marshal deserialization with JSON libraries like Jackson or Gson that don't execute arbitrary code. Implement explicit type validation and use allowlists for expected classes. Consider using secure serialization formats like Protocol Buffers or Avro for structured data.",
  "vendor": "opengrep"
}
