{
  "id": "java-xpath-injection-warning",
  "name": "XPath Injection using Java XPath API",
  "severity": "MEDIUM",
  "category": "Security Warning",
  "language": [
    "JAVA"
  ],
  "cwe": [
    "https://cwe.mitre.org/data/definitions/643.html"
  ],
  "description": "Method parameter flows to XPath evaluation. This method accepts a parameter that reaches an XPath sink. While not necessarily a vulnerability (the caller may pass safe values), this is a risky code pattern. Use parameterized XPath queries with XPathVariableResolver.",
  "risk": "",
  "issue": "",
  "advice": "Use parameterized XPath queries with XPathVariableResolver to safely handle dynamic values. Replace direct string concatenation with variable binding: xpath.setXPathVariableResolver() and use $variable syntax in expressions. Validate and sanitize input against expected patterns when parameterization isn't possible.",
  "vendor": "opengrep"
}
