{
  "id": "java-addaccessallowedace-inheritance",
  "name": "Incorrect Permission Assignment using Windows ACL",
  "severity": "HIGH",
  "category": "Security Warning",
  "language": [
    "JAVA"
  ],
  "cwe": [
    "https://cwe.mitre.org/data/definitions/732.html"
  ],
  "description": "Access control entry created without inheritance settings. Set inheritance bits manually in the ACE header if inheritance is desired.",
  "risk": "",
  "issue": "",
  "advice": "Set inheritance flags explicitly in the ACE header using OBJECT_INHERIT_ACE and CONTAINER_INHERIT_ACE flags when calling AddAccessAllowedAce(). Review the access mask to ensure minimal required permissions. Consider using AddAccessAllowedAceEx() for more granular control over inheritance behavior.",
  "vendor": "opengrep"
}
