{
  "id": "java-struts-dynamic-method-invocation",
  "name": "Code Injection using Struts",
  "severity": "HIGH",
  "category": "Security Error",
  "language": [
    "GENERIC"
  ],
  "cwe": [
    "https://cwe.mitre.org/data/definitions/94.html"
  ],
  "description": "Dynamic Method Invocation (DMI) vulnerability detected in Struts configuration.  DMI allows attackers to invoke arbitrary public methods on Action classes through  crafted URLs (e.g., /action!methodName), potentially leading to remote code execution,  unauthorized data access, or application compromise. Disable DMI by setting  struts.enable.DynamicMethodInvocation to false in your struts.xml configuration  and use explicit action mappings instead.",
  "risk": "",
  "issue": "",
  "advice": "Disable Dynamic Method Invocation by setting struts.enable.DynamicMethodInvocation to false in struts.xml configuration. Use explicit action mappings with dedicated methods instead of allowing arbitrary method calls through URLs. Define specific action classes and methods for each endpoint to prevent unauthorized method execution.",
  "vendor": "opengrep"
}
