{
  "id": "java-jdbc-empty-db-password",
  "name": "Authentication Bypass using JDBC",
  "severity": "HIGH",
  "category": "Security Error",
  "language": [
    "JAVA"
  ],
  "cwe": [
    "https://cwe.mitre.org/data/definitions/306.html"
  ],
  "description": "Database connection configured without authentication. Empty passwords allow unauthorized access to the database, enabling attackers to read, modify, or delete sensitive data, escalate privileges, or pivot to other systems. Configure the database server with proper authentication, use secure password management solutions like environment variables or secret management services, and implement connection pooling with encrypted credentials.",
  "risk": "",
  "issue": "",
  "advice": "Configure database connections with strong passwords stored in environment variables or secret management services. Use connection pooling frameworks like HikariCP that support encrypted credential storage. Never use empty passwords in production environments.",
  "vendor": "opengrep"
}
