{
  "id": "java-jdbc-sqli-string-concatenation",
  "name": "SQL Injection using JDBC",
  "severity": "HIGH",
  "category": "Security Error",
  "language": [
    "JAVA"
  ],
  "cwe": [
    "https://cwe.mitre.org/data/definitions/89.html"
  ],
  "description": "SQL injection vulnerability detected through string concatenation in PreparedStatement. Use parameterized queries with placeholder (?) parameters instead of concatenating user input into SQL strings.",
  "risk": "",
  "issue": "",
  "advice": "Use parameterized queries with PreparedStatement placeholders (?). Set parameters with ps.setString(index, value) instead of concatenating user input into SQL strings. This prevents SQL injection by separating SQL code from data.",
  "vendor": "opengrep"
}
