{
  "id": "java-xss-direct-response-writer",
  "name": "XSS using Java Servlets",
  "severity": "MEDIUM",
  "category": "Security Error",
  "language": [
    "JAVA"
  ],
  "cwe": [
    "https://cwe.mitre.org/data/definitions/79.html"
  ],
  "description": "Cross-site scripting (XSS) vulnerability detected. User input is being written directly to HTTP response without HTML escaping. Use a templating framework like JSF that automatically escapes HTML output.",
  "risk": "",
  "issue": "",
  "advice": "Use HTML escaping libraries like OWASP Java Encoder (Encode.forHtml()) or Apache Commons Text (StringEscapeUtils.escapeHtml4()) before writing to response. Consider using templating frameworks like JSF or Thymeleaf that auto-escape output. Set proper Content-Type headers and implement Content Security Policy.",
  "vendor": "opengrep"
}
