{
  "id": "java-jaxrs-insecure-resteasy-deserialization",
  "name": "Insecure Deserialization using JAX-RS",
  "severity": "HIGH",
  "category": "Security Error",
  "language": [
    "JAVA"
  ],
  "cwe": [
    "https://cwe.mitre.org/data/definitions/502.html"
  ],
  "description": "Insecure deserialization vulnerability detected in JAX-RS endpoint. The wildcard media type or Java serialization content type allows attackers to send malicious serialized objects. Use specific @Consumes annotations with safe content types like application/json.",
  "risk": "",
  "issue": "",
  "advice": "Replace wildcard or Java serialization @Consumes annotations with specific safe content types like @Consumes(MediaType.APPLICATION_JSON). Always specify @Consumes on JAX-RS endpoints to prevent default deserialization providers from being used. Avoid application/x-java-serialized-object entirely.",
  "vendor": "opengrep"
}
