{
  "id": "java-onfido-live-api-token",
  "name": "Hardcoded API Token using Onfido",
  "severity": "HIGH",
  "category": "Security Error",
  "language": [
    "JAVA"
  ],
  "cwe": [
    "https://cwe.mitre.org/data/definitions/798.html"
  ],
  "description": "Hardcoded Onfido API token detected in source code. Exposed API tokens allow attackers to access your Onfido account, perform identity verifications on your behalf, access sensitive user data, and incur charges against your account. Store API tokens in environment variables (System.getenv(\"ONFIDO_API_TOKEN\")), secure configuration files, or key management services instead of hardcoding them.",
  "risk": "",
  "issue": "",
  "advice": "Store Onfido API tokens in environment variables using System.getenv(\"ONFIDO_API_TOKEN\") or secure configuration management systems. Never hardcode API tokens in source code as they can be exposed in version control and logs. Use key management services for production environments.",
  "vendor": "opengrep"
}
