{
  "id": "java-xxe-external-parameter-entities-enabled",
  "name": "XXE using DocumentBuilderFactory",
  "severity": "HIGH",
  "category": "Security Error",
  "language": [
    "JAVA"
  ],
  "cwe": [
    "https://cwe.mitre.org/data/definitions/611.html"
  ],
  "description": "XML External Entity (XXE) vulnerability detected. External parameter entities are enabled on DocumentBuilderFactory, which allows XXE attacks. Set the feature \"http://xml.org/sax/features/external-parameter-entities\" to false to disable external entities.",
  "risk": "",
  "issue": "",
  "advice": "Set the feature \"http://xml.org/sax/features/external-parameter-entities\" to false on DocumentBuilderFactory. Also disable external DTDs and general entities by setting \"http://apache.org/xml/features/disallow-doctype-decl\" to true. Always disable external entity processing in XML parsers.",
  "vendor": "opengrep"
}
