{
  "id": "java-email-domain-split-index",
  "name": "",
  "severity": "HIGH",
  "category": "Security Warning",
  "language": [
    "JAVA"
  ],
  "cwe": [],
  "description": "Email domain extraction bypass vulnerability. Using split(\"@\")[1] to extract email domains  is vulnerable to bypass with RFC-compliant addresses containing multiple @ symbols, quoted  strings, or comments. Attackers can use addresses like \"user@evil.com\"@trusted.com to bypass  domain validation. Use a proper email parsing library like InternetAddress.getAddress()  followed by domain canonicalization instead of manual string splitting.",
  "risk": "",
  "issue": "",
  "advice": "",
  "vendor": "opengrep"
}
