{
  "id": "java-aws-workspaces-root-volume-unencrypted",
  "name": "Unencrypted Storage using AWS WorkSpaces",
  "severity": "HIGH",
  "category": "Security Warning",
  "language": [
    "JAVA"
  ],
  "cwe": [
    "https://cwe.mitre.org/data/definitions/326.html"
  ],
  "description": "AWS Workspace root volume encryption is disabled. Unencrypted root volumes expose sensitive data including operating system files, application data, and user configurations to unauthorized access if storage media is compromised. Enable root_volume_encryption_enabled = true in your aws_workspaces_workspace resource.",
  "risk": "",
  "issue": "",
  "advice": "Set root_volume_encryption_enabled = true in your aws_workspaces_workspace resource configuration. This encrypts the root volume at rest using AWS KMS. Also enable user_volume_encryption_enabled for complete workspace encryption.",
  "vendor": "opengrep"
}
