{
  "id": "java-hardcoded-conditional",
  "name": "Hardcoded Conditional using Java",
  "severity": "MEDIUM",
  "category": "correctness",
  "language": [
    "JAVA"
  ],
  "cwe": [
    "https://cwe.mitre.org/data/definitions/561.html"
  ],
  "description": "Hardcoded conditional statement detected that will always have the same behavior. These patterns indicate dead code or logic errors: conditions like 'if (true)',  'if (false)', assignment in conditions 'if (var = true)', or expressions that  always evaluate the same way 'if (expr && false)'. This leads to unreachable code, maintenance issues, and potential security vulnerabilities if authentication or  validation logic is bypassed. Fix by removing unnecessary conditions, correcting  assignment operators to comparison operators (= to ==), or fixing the logical  expression to properly evaluate the intended condition.",
  "risk": "",
  "issue": "",
  "advice": "Remove hardcoded true/false conditions and fix assignment operators in conditionals (= should be ==). Replace always-true loops with proper termination conditions. Review logic to ensure conditions properly evaluate intended expressions and remove unreachable code paths.",
  "vendor": "opengrep"
}
