{
  "id": "java-hardcoded-heroku-api-key",
  "name": "Hardcoded API Key using Heroku",
  "severity": "HIGH",
  "category": "Security Error",
  "language": [
    "JAVA"
  ],
  "cwe": [
    "https://cwe.mitre.org/data/definitions/798.html"
  ],
  "description": "Hardcoded Heroku API key vulnerability detected. API keys embedded directly in source code can be exposed through version control systems, logs, or code sharing, allowing attackers to gain unauthorized access to your Heroku applications and infrastructure. This could lead to application manipulation, data theft, or service disruption. Store API keys securely using environment variables (System.getenv(\"HEROKU_API_KEY\")), system properties, or encrypted configuration files instead of hardcoding them in source code.",
  "risk": "",
  "issue": "",
  "advice": "Store Heroku API keys in environment variables using System.getenv(\"HEROKU_API_KEY\") or secure configuration files. Never hardcode credentials in source code as they can be exposed through version control or logs. Use encrypted configuration management or secret management services for production environments.",
  "vendor": "opengrep"
}
