{
  "id": "java-sslv3-insecure-protocol",
  "name": "Insecure SSL Protocol using Java SSL/TLS",
  "severity": "MEDIUM",
  "category": "Security Error",
  "language": [
    "JAVA"
  ],
  "cwe": [
    "https://cwe.mitre.org/data/definitions/327.html"
  ],
  "description": "SSLv3 protocol usage detected which contains known security vulnerabilities. Use TLS 1.2 or higher.",
  "risk": "",
  "issue": "",
  "advice": "Replace SSLv3 and SSL protocols with TLS 1.2 or higher using SSLContext.getInstance(\"TLSv1.2\") or SSLContext.getInstance(\"TLSv1.3\"). Update setEnabledProtocols() calls to use secure protocol arrays like new String[]{\"TLSv1.2\", \"TLSv1.3\"}.",
  "vendor": "opengrep"
}
