{
  "id": "java-jndi-injection",
  "name": "JNDI Injection using Java JNDI",
  "severity": "HIGH",
  "category": "Security Error",
  "language": [
    "JAVA"
  ],
  "cwe": [
    "https://cwe.mitre.org/data/definitions/917.html"
  ],
  "description": "JNDI injection vulnerability detected. User-controlled input flows to a JNDI lookup operation, which can allow attackers to connect to arbitrary LDAP/RMI servers and potentially achieve remote code execution. This is the vulnerability class behind Log4Shell (CVE-2021-44228). Validate and sanitize JNDI names before lookup, use allowlists for permitted JNDI contexts, or disable JNDI lookups entirely if not needed.",
  "risk": "",
  "issue": "",
  "advice": "Validate JNDI names against a strict allowlist of permitted contexts before lookup operations. Use JndiTemplate with configured restrictions or disable JNDI lookups entirely if not required. Never pass user input directly to Context.lookup() methods.",
  "vendor": "opengrep"
}
