{
  "id": "java-xxe-xmlinputfactory-external-entities-enabled",
  "name": "XXE using XMLInputFactory",
  "severity": "HIGH",
  "category": "Security Error",
  "language": [
    "JAVA"
  ],
  "cwe": [
    "https://cwe.mitre.org/data/definitions/611.html"
  ],
  "description": "XML external entity processing is explicitly enabled in XMLInputFactory. Disable external entity processing by setting security properties to false to prevent XXE attacks.",
  "risk": "",
  "issue": "",
  "advice": "Disable external entity processing by setting XMLInputFactory.IS_SUPPORTING_EXTERNAL_ENTITIES and XMLInputFactory.SUPPORT_DTD to false. Remove or set XMLInputFactory.RESOLVER to null. This prevents XXE attacks by blocking external entity resolution.",
  "vendor": "opengrep"
}
