{
  "id": "java-external-config-control",
  "name": "External Config Control using JDBC",
  "severity": "HIGH",
  "category": "Security Error",
  "language": [
    "JAVA"
  ],
  "cwe": [
    "https://cwe.mitre.org/data/definitions/15.html"
  ],
  "description": "External control of database catalog detected. User input should not control system configuration settings like database catalog selection.",
  "risk": "",
  "issue": "",
  "advice": "Validate database catalog names against a predefined allowlist of acceptable values. Use application configuration files or environment variables for catalog selection instead of user input. If dynamic catalog selection is required, implement strict input validation and sanitization.",
  "vendor": "opengrep"
}
