{
  "id": "java-deserialization-warning",
  "name": "Unsafe Deserialization using Java",
  "severity": "HIGH",
  "category": "Security Warning",
  "language": [
    "JAVA"
  ],
  "cwe": [
    "https://cwe.mitre.org/data/definitions/502.html"
  ],
  "description": "Potential unsafe deserialization. Method parameters flow to deserialization operations. If these parameters can contain attacker-controlled serialized data, this could lead to remote code execution. Use safe serialization formats like JSON or implement type filtering during deserialization.",
  "risk": "",
  "issue": "",
  "advice": "Replace Java native serialization with safe formats like JSON using Jackson or Gson. If ObjectInputStream is required, use ValidatingObjectInputStream with strict type filtering. Configure XStream and SnakeYAML with safe constructors and type restrictions.",
  "vendor": "opengrep"
}
