{
  "id": "java-cookie-persistent-storage",
  "name": "Insecure Cookie Configuration using Java",
  "severity": "MEDIUM",
  "category": "Security Warning",
  "language": [
    "JAVA"
  ],
  "cwe": [
    "https://cwe.mitre.org/data/definitions/614.html"
  ],
  "description": "Cookie configured with excessive persistence duration detected. Limit cookie lifetime to reduce exposure window if compromised.",
  "risk": "",
  "issue": "",
  "advice": "Set cookie max age to a reasonable duration based on your application's security requirements, typically no more than a few hours or days. Use setMaxAge() with values less than 31536000 seconds (1 year). Consider implementing session timeout and renewal mechanisms for sensitive applications.",
  "vendor": "opengrep"
}
