{
  "id": "java-cloudflare-api-key",
  "name": "Hardcoded Cloudflare API Key",
  "severity": "HIGH",
  "category": "Security Error",
  "language": [
    "JAVA"
  ],
  "cwe": [
    "https://cwe.mitre.org/data/definitions/798.html"
  ],
  "description": "Hardcoded Cloudflare API key vulnerability detected. Embedding API keys directly in source code exposes them to anyone with code access, including version control history, and makes credential rotation difficult. Attackers who gain access to hardcoded keys can make unauthorized API calls, potentially accessing or modifying Cloudflare configurations, DNS records, or other sensitive resources. Store credentials securely using environment variables (System.getenv()), configuration files outside the codebase, or dedicated secrets management systems like HashiCorp Vault, AWS Secrets Manager, or Azure Key Vault.",
  "risk": "",
  "issue": "",
  "advice": "Store Cloudflare API keys in environment variables using System.getenv() or secure configuration files outside the codebase. Use dedicated secrets management systems like HashiCorp Vault, AWS Secrets Manager, or Azure Key Vault for production environments. Never commit API keys to version control and implement credential rotation policies.",
  "vendor": "opengrep"
}
