{
  "id": "java-http-insecure-connection",
  "name": "Insecure HTTP Connection using Java",
  "severity": "MEDIUM",
  "category": "Security Warning",
  "language": [
    "JAVA"
  ],
  "cwe": [
    "https://cwe.mitre.org/data/definitions/319.html"
  ],
  "description": "HTTP connection detected which transmits data in cleartext, making it vulnerable to  man-in-the-middle attacks where attackers can intercept credentials, session tokens,  or sensitive data. This can lead to account compromise, data theft, or session hijacking.  Use HTTPS instead to encrypt data in transit. Replace http:// URLs with https:// and  ensure your application validates SSL certificates properly.",
  "risk": "",
  "issue": "",
  "advice": "Replace HTTP URLs with HTTPS to encrypt data in transit. Change http:// to https:// in URL constructors. Ensure proper SSL certificate validation is enabled to prevent man-in-the-middle attacks.",
  "vendor": "opengrep"
}
