{
  "id": "java-custom-message-digest-implementation",
  "name": "Custom Cryptographic Implementation using Java",
  "severity": "MEDIUM",
  "category": "Security Error",
  "language": [
    "JAVA"
  ],
  "cwe": [
    "https://cwe.mitre.org/data/definitions/327.html"
  ],
  "description": "Custom cryptographic message digest implementation detected. Use established, peer-reviewed algorithms like SHA-256 via MessageDigest.getInstance(\"SHA-256\") instead of implementing custom digest algorithms.",
  "risk": "",
  "issue": "",
  "advice": "Use established cryptographic algorithms via MessageDigest.getInstance() with approved algorithms like SHA-256 or SHA-3. Avoid implementing custom digest algorithms as they are prone to security flaws. Leverage Java's built-in security providers which undergo rigorous testing and peer review.",
  "vendor": "opengrep"
}
