{
  "id": "java-vertx-sqli",
  "name": "SQL Injection using Vert.x",
  "severity": "HIGH",
  "category": "Security Error",
  "language": [
    "JAVA"
  ],
  "cwe": [
    "https://cwe.mitre.org/data/definitions/89.html"
  ],
  "description": "SQL injection vulnerability detected in Vert.x SQL client. Use parameterized queries with PreparedStatement instead of string concatenation or formatting.",
  "risk": "",
  "issue": "",
  "advice": "Use parameterized queries with SqlClient.preparedQuery() and Tuple parameters instead of string concatenation. Replace client.query(userInput) with client.preparedQuery(sql).execute(Tuple.of(param1, param2)). This prevents SQL injection by separating SQL structure from data.",
  "vendor": "opengrep"
}
