{
  "id": "java-open-redirect",
  "name": "Open Redirect using Java Servlets",
  "severity": "MEDIUM",
  "category": "Security Error",
  "language": [
    "JAVA"
  ],
  "cwe": [
    "https://cwe.mitre.org/data/definitions/601.html"
  ],
  "description": "Open redirect vulnerability detected. Validate redirect URLs against an allowlist of trusted destinations before redirecting users.",
  "risk": "",
  "issue": "",
  "advice": "Validate redirect URLs against an allowlist of trusted domains before calling sendRedirect(). Use relative URLs when possible or implement a mapping of safe redirect keys. Never redirect to user-controlled URLs directly.",
  "vendor": "opengrep"
}
