{
  "id": "java-jackson-polymorphic-typing",
  "name": "Unsafe Deserialization using Jackson",
  "severity": "HIGH",
  "category": "Security Error",
  "language": [
    "JAVA"
  ],
  "cwe": [
    "https://cwe.mitre.org/data/definitions/502.html"
  ],
  "description": "Jackson polymorphic typing configuration detected which may enable deserialization vulnerabilities.  Avoid enabling default typing and carefully review polymorphic type handling to prevent untrusted deserialization.",
  "risk": "",
  "issue": "",
  "advice": "Disable default typing and use explicit type handling with @JsonTypeInfo only when necessary. Configure ObjectMapper with restrictive polymorphic type validators using PolymorphicTypeValidator. Always validate deserialized objects and avoid deserializing untrusted data.",
  "vendor": "opengrep"
}
