{
  "id": "java-aws-secret-access-key-hardcoded",
  "name": "Hardcoded AWS Credentials using AWS SDK",
  "severity": "HIGH",
  "category": "Security Error",
  "language": [
    "JAVA"
  ],
  "cwe": [
    "https://cwe.mitre.org/data/definitions/798.html"
  ],
  "description": "Hardcoded AWS Secret Access Key vulnerability detected. Embedding AWS credentials directly in source code exposes them to anyone with code access, including version control history, logs, and error messages. Attackers can use these credentials to access AWS resources, escalate privileges, exfiltrate data, or incur charges on your account. Store credentials securely using environment variables, AWS IAM roles, AWS Secrets Manager, or other credential management systems instead of hardcoding them.",
  "risk": "",
  "issue": "",
  "advice": "Remove hardcoded AWS credentials from source code. Use AWS IAM roles for EC2/Lambda, environment variables, or AWS Secrets Manager for credential storage. Configure AWS SDK to use DefaultAWSCredentialsProviderChain which automatically discovers credentials from secure sources.",
  "vendor": "opengrep"
}
