{
  "id": "java-x509-trust-manager-disabled",
  "name": "Certificate Validation Bypass using X509",
  "severity": "MEDIUM",
  "category": "Security Error",
  "language": [
    "JAVA"
  ],
  "cwe": [
    "https://cwe.mitre.org/data/definitions/295.html"
  ],
  "description": "Disabled X509TrustManager certificate validation detected. This allows man-in-the-middle attacks by accepting any certificate. Implement proper certificate validation or use the default TrustManager.",
  "risk": "",
  "issue": "",
  "advice": "Remove empty implementations of checkClientTrusted() and checkServerTrusted() methods. Use the default TrustManagerFactory.getDefaultAlgorithm() for proper certificate validation. Return valid certificate array from getAcceptedIssuers() instead of null.",
  "vendor": "opengrep"
}
