{
  "id": "java-amazon-mws-auth-token",
  "name": "Hardcoded Amazon MWS Auth Token",
  "severity": "HIGH",
  "category": "Security Error",
  "language": [
    "JAVA"
  ],
  "cwe": [
    "https://cwe.mitre.org/data/definitions/798.html"
  ],
  "description": "Hardcoded Amazon MWS Auth Token detected in source code. Hardcoded credentials pose significant security risks as they can be exposed through version control, logs, or code sharing, allowing unauthorized access to Amazon MWS APIs and potentially leading to data breaches or financial losses. Store credentials securely using environment variables (System.getenv()), configuration files outside the codebase, or credential management services like AWS Secrets Manager instead of embedding them directly in code.",
  "risk": "",
  "issue": "",
  "advice": "Replace hardcoded MWS auth tokens with environment variables using System.getenv(\"MWS_AUTH_TOKEN\"). Store credentials in AWS Secrets Manager or secure configuration files outside the codebase. Never commit authentication tokens to version control systems.",
  "vendor": "opengrep"
}
