{
  "id": "java-xxe-transformerfactory",
  "name": "XXE using TransformerFactory",
  "severity": "HIGH",
  "category": "Security Error",
  "language": [
    "JAVA"
  ],
  "cwe": [
    "https://cwe.mitre.org/data/definitions/611.html"
  ],
  "description": "XML External Entity (XXE) vulnerability in TransformerFactory. The parser is created and used without proper XXE protection, allowing attackers to read arbitrary files, perform Server-Side Request Forgery (SSRF), or cause denial of service through XML entity expansion. Configure security by setting both ACCESS_EXTERNAL_DTD and ACCESS_EXTERNAL_STYLESHEET to empty string: factory.setAttribute(XMLConstants.ACCESS_EXTERNAL_DTD, \"\"); factory.setAttribute(XMLConstants.ACCESS_EXTERNAL_STYLESHEET, \"\");",
  "risk": "",
  "issue": "",
  "advice": "Disable external entity processing by setting factory.setAttribute(XMLConstants.ACCESS_EXTERNAL_DTD, \"\") and factory.setAttribute(XMLConstants.ACCESS_EXTERNAL_STYLESHEET, \"\") before calling newTransformer() or newTemplates(). This prevents XXE attacks while maintaining XML processing functionality.",
  "vendor": "opengrep"
}
