{
  "id": "java-gc-call",
  "name": "Manual Garbage Collection using Java Runtime",
  "severity": "HIGH",
  "category": "best-practice",
  "language": [
    "JAVA"
  ],
  "cwe": [
    "https://cwe.mitre.org/data/definitions/400.html"
  ],
  "description": "Manual garbage collection call detected. Remove manual GC calls and let the JVM manage memory automatically.",
  "risk": "",
  "issue": "",
  "advice": "Remove all manual System.gc() and Runtime.gc() calls from your code. Configure JVM garbage collection parameters appropriately for your application's memory profile. Let the JVM's automatic garbage collection handle memory management for optimal performance.",
  "vendor": "opengrep"
}
