{
  "id": "java-crypto-null-cipher",
  "name": "NullCipher Usage (No Encryption)",
  "severity": "MEDIUM",
  "category": "Security Error",
  "language": [
    "JAVA"
  ],
  "cwe": [
    "https://cwe.mitre.org/data/definitions/327.html"
  ],
  "description": "NullCipher detected. NullCipher provides no encryption - plaintext passes through unchanged, exposing sensitive data to attackers. This completely defeats the purpose of encryption. Use a real cipher like AES/GCM/NoPadding.",
  "risk": "",
  "issue": "",
  "advice": "Replace NullCipher with a real encryption algorithm. Use Cipher.getInstance(\"AES/GCM/NoPadding\") with proper key management.",
  "vendor": "opengrep"
}
