{
  "id": "java-telnet-connection",
  "name": "Insecure Telnet Connection using Apache Commons",
  "severity": "MEDIUM",
  "category": "Security Error",
  "language": [
    "JAVA"
  ],
  "cwe": [
    "https://cwe.mitre.org/data/definitions/319.html"
  ],
  "description": "Insecure Telnet connection detected. Telnet transmits all data including credentials in plaintext, making it vulnerable to man-in-the-middle attacks, credential theft, and data interception. Attackers can easily capture sensitive information by monitoring network traffic. Use SSH instead of Telnet for secure encrypted communication. Replace TelnetClient with JSch library for SSH connections: JSch jsch = new JSch(); Session session = jsch.getSession(user, host, 22);",
  "risk": "",
  "issue": "",
  "advice": "Replace TelnetClient with SSH connections using JSch library: JSch jsch = new JSch(); Session session = jsch.getSession(user, host, 22). SSH provides encrypted communication preventing credential theft and data interception.",
  "vendor": "opengrep"
}
