{
  "id": "java-picatic-api-key-hardcoded",
  "name": "Hardcoded API Key using Picatic",
  "severity": "HIGH",
  "category": "Security Error",
  "language": [
    "JAVA"
  ],
  "cwe": [
    "https://cwe.mitre.org/data/definitions/798.html"
  ],
  "description": "Hardcoded Picatic API key detected in source code. Embedding API keys directly in code exposes them to anyone with access to the source code, version control history, or compiled binaries. Attackers can use these keys to access your Picatic account, make unauthorized API calls, access event data, or incur charges. Store API keys in environment variables (System.getenv(\"PICATIC_API_KEY\")), secure configuration files, or secret management systems instead of hardcoding them.",
  "risk": "",
  "issue": "",
  "advice": "Store API keys in environment variables using System.getenv(\"PICATIC_API_KEY\") or secure configuration management systems. Never commit API keys to version control. Use secret scanning tools to detect accidentally exposed keys.",
  "vendor": "opengrep"
}
