{
  "id": "java-dangerous-groovy-shell",
  "name": "Code Injection using Groovy",
  "severity": "HIGH",
  "category": "Security Error",
  "language": [
    "JAVA"
  ],
  "cwe": [
    "https://cwe.mitre.org/data/definitions/94.html"
  ],
  "description": "Code injection vulnerability in Groovy dynamic evaluation. Validate and sanitize all user inputs before using them in dynamic code evaluations, or use safer alternatives that don't execute arbitrary code.",
  "risk": "",
  "issue": "",
  "advice": "Avoid using GroovyShell.evaluate() or GroovyClassLoader.parseClass() with user input. Use predefined scripts with parameter binding instead. If dynamic evaluation is required, implement strict input validation with allowlists and run code in a sandboxed environment with SecurityManager.",
  "vendor": "opengrep"
}
