{
  "id": "java-ldap-anonymous-bind",
  "name": "Anonymous LDAP Bind using Java LDAP",
  "severity": "HIGH",
  "category": "Security Error",
  "language": [
    "JAVA"
  ],
  "cwe": [
    "https://cwe.mitre.org/data/definitions/287.html"
  ],
  "description": "Anonymous LDAP bind vulnerability detected. The application is configured to connect to LDAP directories without authentication by setting SECURITY_AUTHENTICATION to \"none\". This allows attackers to access LDAP directories without credentials, potentially leading to unauthorized data access, privilege escalation, or information disclosure. Configure proper authentication mechanisms such as \"simple\" (username/password) or \"GSSAPI\" (Kerberos) instead of anonymous binding to secure LDAP connections.",
  "risk": "",
  "issue": "",
  "advice": "Replace SECURITY_AUTHENTICATION value \"none\" with \"simple\" for username/password authentication or \"GSSAPI\" for Kerberos. Set SECURITY_PRINCIPAL and SECURITY_CREDENTIALS properties with valid credentials. Never use anonymous binding in production environments.",
  "vendor": "opengrep"
}
