{
  "id": "java-jdbc-sql-injection",
  "name": "SQL Injection using JDBC",
  "severity": "HIGH",
  "category": "Security Error",
  "language": [
    "JAVA"
  ],
  "cwe": [
    "https://cwe.mitre.org/data/definitions/89.html"
  ],
  "description": "SQL injection vulnerability detected in JDBC operations. Use parameterized queries with PreparedStatement instead of string concatenation or formatting.",
  "risk": "",
  "issue": "",
  "advice": "Use PreparedStatement with parameterized queries instead of string concatenation. Set parameters with ps.setString(), ps.setInt(), etc. Never concatenate user input directly into SQL strings passed to Statement.execute() or Connection.prepareStatement().",
  "vendor": "opengrep"
}
