{
  "id": "java-fastly-api-token",
  "name": "Hardcoded Fastly API Token",
  "severity": "HIGH",
  "category": "Security Error",
  "language": [
    "JAVA"
  ],
  "cwe": [
    "https://cwe.mitre.org/data/definitions/798.html"
  ],
  "description": "Hardcoded Fastly API token detected. Exposed API tokens allow unauthorized access to your Fastly CDN configuration, enabling attackers to modify cache rules, redirect traffic, access analytics data, or incur billing charges. This can lead to data theft, service disruption, or financial loss. Store tokens in environment variables (System.getenv(\"FASTLY_API_TOKEN\")) or a secure vault service instead of hardcoding in source code. Use different tokens for different environments and rotate them regularly.",
  "risk": "",
  "issue": "",
  "advice": "Store Fastly API tokens in environment variables using System.getenv(\"FASTLY_API_TOKEN\") or a secure vault service. Never hardcode tokens in source code. Use different tokens for different environments and rotate them regularly to minimize exposure risk.",
  "vendor": "opengrep"
}
