{
  "id": "java-saxparserfactory-xxe-disallow-doctype-decl-missing",
  "name": "XXE using SAXParserFactory",
  "severity": "HIGH",
  "category": "Security Error",
  "language": [
    "JAVA"
  ],
  "cwe": [
    "https://cwe.mitre.org/data/definitions/611.html"
  ],
  "description": "XML External Entity (XXE) vulnerability detected in SAXParserFactory configuration. Enable the disallow-doctype-decl feature or disable external entity processing to prevent XXE attacks.",
  "risk": "",
  "issue": "",
  "advice": "Configure SAXParserFactory to disable external entity processing by setting factory.setFeature(\"http://apache.org/xml/features/disallow-doctype-decl\", true) or both factory.setFeature(\"http://xml.org/sax/features/external-general-entities\", false) and factory.setFeature(\"http://xml.org/sax/features/external-parameter-entities\", false). Apply these settings immediately after factory creation and before calling newSAXParser().",
  "vendor": "opengrep"
}
