{
  "id": "java-ssrf-warning",
  "name": "SSRF using Java HTTP Clients",
  "severity": "MEDIUM",
  "category": "Security Warning",
  "language": [
    "JAVA"
  ],
  "cwe": [
    "https://cwe.mitre.org/data/definitions/918.html"
  ],
  "description": "Potential server-side request forgery (SSRF) vulnerability. Method parameters flow to URL construction or HTTP client calls. If these parameters can be influenced by user input, attackers could force the server to make requests to arbitrary URLs, potentially accessing internal services. Use an allowlist of approved hosts or ensure user input only affects the path/query parameters, not the host.",
  "risk": "",
  "issue": "",
  "advice": "Validate URLs against an allowlist of approved hosts and schemes before making HTTP requests. Use URI parsing to extract and validate the host component separately. Consider using a proxy or firewall to block access to internal networks and sensitive services.",
  "vendor": "opengrep"
}
