{
  "id": "java-path-traversal-file-upload",
  "name": "Path Traversal using Java File Upload",
  "severity": "HIGH",
  "category": "Security Error",
  "language": [
    "JAVA"
  ],
  "cwe": [
    "https://cwe.mitre.org/data/definitions/22.html"
  ],
  "description": "Path traversal vulnerability in file upload filename handling. Validate and sanitize filenames to prevent directory traversal attacks.",
  "risk": "",
  "issue": "",
  "advice": "Validate uploaded filenames using FilenameUtils.getName() to extract only the filename without path components. Normalize paths with Path.normalize() and validate against an allowlist of permitted directories. Never trust user-supplied filenames directly for file operations.",
  "vendor": "opengrep"
}
