{
  "id": "java-email-domain-lastindexof",
  "name": "",
  "severity": "HIGH",
  "category": "Security Warning",
  "language": [
    "JAVA"
  ],
  "cwe": [],
  "description": "Email domain extraction bypass vulnerability. Using substring and lastIndexOf for domain  extraction can be bypassed with overloaded email addresses, quoted strings, or encoded content.  Attackers can craft addresses that cause incorrect domain extraction, bypassing security controls.  Use a proper email parsing library like InternetAddress followed by domain canonicalization  instead of manual string manipulation.",
  "risk": "",
  "issue": "",
  "advice": "",
  "vendor": "opengrep"
}
