{
  "id": "java-android-unregistered-broadcast-receiver",
  "name": "Memory Leak using Android BroadcastReceiver",
  "severity": "MEDIUM",
  "category": "Security Warning",
  "language": [
    "JAVA"
  ],
  "cwe": [
    "https://cwe.mitre.org/data/definitions/404.html"
  ],
  "description": "Memory leak vulnerability: Broadcast receiver registered but not unregistered in onStop() method. Unregistered broadcast receivers prevent garbage collection of the Activity, causing memory leaks that can lead to OutOfMemoryError and application crashes. Always call unregisterReceiver()  in the onStop() method to properly release the receiver and prevent memory leaks.",
  "risk": "",
  "issue": "",
  "advice": "Always call unregisterReceiver() in the onStop() or onDestroy() method to match every registerReceiver() call. Use try-catch blocks when unregistering to handle cases where the receiver may already be unregistered. Consider using lifecycle-aware components or WeakReference patterns for automatic cleanup.",
  "vendor": "opengrep"
}
