{
  "id": "java-sql-injection",
  "name": "SQL Injection using JDBC",
  "severity": "HIGH",
  "category": "Security Error",
  "language": [
    "JAVA"
  ],
  "cwe": [
    "https://cwe.mitre.org/data/definitions/89.html"
  ],
  "description": "SQL injection vulnerability detected. Use parameterized queries with PreparedStatement instead of string concatenation to prevent SQL injection attacks.",
  "risk": "",
  "issue": "",
  "advice": "Replace Statement with PreparedStatement and use parameterized queries with setString(), setInt(), etc. Never concatenate user input directly into SQL strings. Use stored procedures or ORM frameworks for additional protection.",
  "vendor": "opengrep"
}
