{
  "id": "java-azure-datalake-store-encryption",
  "name": "Unencrypted Data Storage using Azure Data Lake",
  "severity": "HIGH",
  "category": "Security Warning",
  "language": [
    "JAVA"
  ],
  "cwe": [
    "https://cwe.mitre.org/data/definitions/311.html"
  ],
  "description": "Azure Data Lake Store created without encryption. Always enable encryption using .withEncryptionState(EncryptionState.ENABLED) to protect data at rest.",
  "risk": "",
  "issue": "",
  "advice": "Enable encryption when creating Azure Data Lake Store accounts by calling .withEncryptionState(EncryptionState.ENABLED) in the builder chain. For advanced scenarios, use .withEncryptionConfig() to specify custom encryption settings. Always encrypt data at rest to protect sensitive information.",
  "vendor": "opengrep"
}
