{
  "id": "java-high-entropy-assignment",
  "name": "Hardcoded Secrets using Java",
  "severity": "HIGH",
  "category": "Security Warning",
  "language": [
    "JAVA"
  ],
  "cwe": [
    "https://cwe.mitre.org/data/definitions/798.html"
  ],
  "description": "High entropy string detected in assignment, indicating a potential hardcoded secret or credential. Hardcoded secrets in source code can be extracted by attackers through code repository access, reverse engineering, or memory dumps, leading to unauthorized system access, data breaches, and privilege escalation. Externalize secrets to environment variables, secure configuration files, or dedicated secret management systems like HashiCorp Vault, AWS Secrets Manager, or Azure Key Vault instead of embedding them directly in code.",
  "risk": "",
  "issue": "",
  "advice": "Move hardcoded secrets to environment variables using System.getenv() or external configuration files. Use secure secret management systems like HashiCorp Vault or cloud-native solutions. Never commit secrets to version control repositories.",
  "vendor": "opengrep"
}
