{
  "id": "java-ldap-anonymous-authentication",
  "name": "Anonymous Authentication using LDAP",
  "severity": "HIGH",
  "category": "Security Error",
  "language": [
    "JAVA"
  ],
  "cwe": [
    "https://cwe.mitre.org/data/definitions/306.html"
  ],
  "description": "Anonymous LDAP authentication vulnerability detected. The application is configured to use anonymous LDAP binding (authentication set to \"none\"), which allows unauthenticated access to the LDAP directory. This can lead to unauthorized data access, information disclosure, or privilege escalation if the LDAP server permits anonymous queries. Configure proper authentication credentials using Context.SECURITY_AUTHENTICATION = \"simple\" with valid SECURITY_PRINCIPAL and SECURITY_CREDENTIALS, and use encrypted LDAPS connections.",
  "risk": "",
  "issue": "",
  "advice": "Configure proper LDAP authentication by setting Context.SECURITY_AUTHENTICATION to \"simple\" and providing valid SECURITY_PRINCIPAL and SECURITY_CREDENTIALS. Use encrypted LDAPS connections for secure credential transmission. Never use \"none\" or \"anonymous\" authentication in production environments.",
  "vendor": "opengrep"
}
