{
  "id": "java-hardcoded-github-oauth-token",
  "name": "Hardcoded GitHub OAuth Token using Java",
  "severity": "HIGH",
  "category": "Security Error",
  "language": [
    "JAVA"
  ],
  "cwe": [
    "https://cwe.mitre.org/data/definitions/798.html"
  ],
  "description": "GitHub OAuth token detected in source code. Store credentials in environment variables or a secure vault instead of hardcoding them.",
  "risk": "",
  "issue": "",
  "advice": "Store GitHub OAuth tokens in environment variables using System.getenv() or a secure vault service. Never commit tokens to source code. Use configuration files excluded from version control or runtime injection for credentials.",
  "vendor": "opengrep"
}
