{
  "id": "java-assignment-in-conditional",
  "name": "Assignment in Conditional using Java",
  "severity": "LOW",
  "category": "correctness",
  "language": [
    "JAVA"
  ],
  "cwe": [
    "https://cwe.mitre.org/data/definitions/480.html"
  ],
  "description": "Assignment operator (=) used in conditional expression instead of equality comparison (==). This is likely a programming error that assigns a value instead of comparing it, causing the condition to always evaluate based on the assigned value rather than the intended comparison. This can lead to logic errors, infinite loops, or unintended program behavior. Use '==' for equality comparison or move the assignment outside the conditional statement. Example: change 'if (x = true)' to 'if (x == true)' or 'x = true; if (x)'.",
  "risk": "",
  "issue": "",
  "advice": "Replace assignment operators (=) with equality operators (==) in conditional expressions. For example, change 'if (x = true)' to 'if (x == true)' or move assignments outside conditionals. Enable compiler warnings to catch these errors during development.",
  "vendor": "opengrep"
}
