{
  "id": "java-command-injection-runtime",
  "name": "Command Injection using Java Runtime",
  "severity": "HIGH",
  "category": "Security Error",
  "language": [
    "JAVA"
  ],
  "cwe": [
    "https://cwe.mitre.org/data/definitions/78.html"
  ],
  "description": "Command injection vulnerability detected in Runtime execution call. Avoid executing system commands with user-controlled input, or use safe APIs that don't invoke a shell interpreter.",
  "risk": "",
  "issue": "",
  "advice": "Replace Runtime.exec(String) with ProcessBuilder using argument arrays: new ProcessBuilder(\"cmd\", arg1, arg2). This prevents shell interpretation of user input. Validate input against an allowlist when possible and avoid executing system commands with user-controlled data.",
  "vendor": "opengrep"
}
