{
  "id": "java-open-redirect-warning",
  "name": "Open Redirect using Java Servlets",
  "severity": "MEDIUM",
  "category": "Security Warning",
  "language": [
    "JAVA"
  ],
  "cwe": [
    "https://cwe.mitre.org/data/definitions/601.html"
  ],
  "description": "Potential open redirect vulnerability. Method parameters flow to redirect operations. If these parameters can be influenced by user input, attackers could redirect users to malicious sites for phishing attacks. Validate redirect URLs against an allowlist of trusted destinations before redirecting users.",
  "risk": "",
  "issue": "",
  "advice": "Validate redirect URLs against an allowlist of trusted domains before calling sendRedirect() or setting Location headers. Use relative URLs when possible, or implement a mapping system that translates user input to predefined safe URLs. Never redirect directly to user-controlled input.",
  "vendor": "opengrep"
}
