{
  "id": "java-spring-sqli",
  "name": "SQL Injection using Spring JDBC",
  "severity": "HIGH",
  "category": "Security Error",
  "language": [
    "JAVA"
  ],
  "cwe": [
    "https://cwe.mitre.org/data/definitions/89.html"
  ],
  "description": "SQL injection vulnerability detected in Spring JDBC operations. Use parameterized queries with PreparedStatement instead of string concatenation.",
  "risk": "",
  "issue": "",
  "advice": "Use JdbcTemplate with parameterized queries by passing parameters as separate arguments: jdbcTemplate.query(\"SELECT * FROM users WHERE id = ?\", new Object[]{userId}, rowMapper). For named parameters, use NamedParameterJdbcTemplate with MapSqlParameterSource. Never concatenate user input directly into SQL strings.",
  "vendor": "opengrep"
}
