{
  "id": "java-nosql-injection-warning",
  "name": "NoSQL Injection using MongoDB",
  "severity": "MEDIUM",
  "category": "Security Warning",
  "language": [
    "JAVA"
  ],
  "cwe": [
    "https://cwe.mitre.org/data/definitions/943.html"
  ],
  "description": "Potential NoSQL injection vulnerability. Method parameters flow to MongoDB query operations. If these parameters can be influenced by user input, attackers could manipulate queries or execute arbitrary JavaScript. Use MongoDB's type-safe query methods like Filters.eq() instead.",
  "risk": "",
  "issue": "",
  "advice": "Replace direct JSON parsing and $where clauses with MongoDB's type-safe query methods like Filters.eq(), Filters.regex(), or Filters.and(). Use parameterized queries through the MongoDB Java driver's query builders. Avoid BasicDBObject.parse() and Document.parse() with user input.",
  "vendor": "opengrep"
}
