{
  "id": "java-trust-boundary-violation",
  "name": "Trust Boundary Violation using Servlet API",
  "severity": "HIGH",
  "category": "Security Warning",
  "language": [
    "JAVA"
  ],
  "cwe": [
    "https://cwe.mitre.org/data/definitions/501.html"
  ],
  "description": "Trust boundary violation detected. Avoid storing both trusted and untrusted data in the same data structure to prevent accidental trust of unvalidated data.",
  "risk": "",
  "issue": "",
  "advice": "Separate trusted and untrusted data into different data structures or sessions. Validate and sanitize all user input before storing in request attributes. Use dedicated objects or prefixes to distinguish between trusted system data and user-provided data.",
  "vendor": "opengrep"
}
