{
  "id": "java-insufficient-key-size",
  "name": "Insufficient Key Size using Java Crypto",
  "severity": "HIGH",
  "category": "Security Error",
  "language": [
    "JAVA"
  ],
  "cwe": [
    "https://cwe.mitre.org/data/definitions/326.html"
  ],
  "description": "Insufficient cryptographic key size detected. Keys smaller than recommended minimums are vulnerable to brute force and mathematical attacks. RSA/DSA keys should be at least 2048 bits (3072 for high security). EC curves should be at least P-256 (secp256r1). Weak keys allow attackers to break encryption, forge signatures, or compromise authentication. Use recommended key sizes per NIST SP 800-57.",
  "risk": "",
  "issue": "",
  "advice": "Use minimum key sizes: 2048 bits for RSA/DSA, P-256 (secp256r1) for EC curves, and 128 bits for Blowfish. Replace KeyPairGenerator.initialize() calls with secure sizes. Follow NIST SP 800-57 recommendations for cryptographic key management.",
  "vendor": "opengrep"
}
