{
  "id": "java-jms-insecure-deserialization",
  "name": "Insecure Deserialization using JMS",
  "severity": "HIGH",
  "category": "Security Error",
  "language": [
    "JAVA"
  ],
  "cwe": [
    "https://cwe.mitre.org/data/definitions/502.html"
  ],
  "description": "Insecure JMS ObjectMessage deserialization detected. JMS ObjectMessage.getObject() deserializes untrusted data which can lead to remote code execution. Use safer message types like TextMessage or BytesMessage with explicit validation instead.",
  "risk": "",
  "issue": "",
  "advice": "Replace ObjectMessage.getObject() with safer message types like TextMessage or BytesMessage. Use message.getText() or message.readBytes() and parse data explicitly. Implement strict input validation and consider using ValidatingObjectInputStream with allowlists if deserialization is unavoidable.",
  "vendor": "opengrep"
}
