{
  "id": "java-square-access-token",
  "name": "Hardcoded Credentials using Square API",
  "severity": "HIGH",
  "category": "Security Error",
  "language": [
    "JAVA"
  ],
  "cwe": [
    "https://cwe.mitre.org/data/definitions/798.html"
  ],
  "description": "Hardcoded Square Access Token detected in source code. This exposes sensitive API credentials that could allow attackers to access Square payment services, process unauthorized transactions, or access merchant data if the code is compromised through version control exposure, insider threats, or application vulnerabilities. Store credentials securely using environment variables, secure configuration management systems, or secret management services like AWS Secrets Manager, Azure Key Vault, or HashiCorp Vault instead of hardcoding them in source code.",
  "risk": "",
  "issue": "",
  "advice": "Store Square access tokens in environment variables using System.getenv() or secure configuration management systems. Use secret management services like AWS Secrets Manager or HashiCorp Vault for production environments. Never commit API credentials to version control systems.",
  "vendor": "opengrep"
}
