{
  "id": "java-sqli-injection",
  "name": "SQL Injection using JDBC",
  "severity": "HIGH",
  "category": "Security Error",
  "language": [
    "JAVA"
  ],
  "cwe": [
    "https://cwe.mitre.org/data/definitions/89.html"
  ],
  "description": "SQL injection vulnerability detected. Use parameterized queries with PreparedStatement instead of string concatenation to prevent SQL injection attacks.",
  "risk": "",
  "issue": "",
  "advice": "Use PreparedStatement with parameterized queries instead of Statement with string concatenation. Set parameters using setString(), setInt(), etc. methods. For dynamic queries, validate input against allowlists and use proper escaping functions.",
  "vendor": "opengrep"
}
