{
  "id": "java-http-insecure-request",
  "name": "Insecure HTTP Request using Apache HttpClient",
  "severity": "MEDIUM",
  "category": "Security Warning",
  "language": [
    "JAVA"
  ],
  "cwe": [
    "https://cwe.mitre.org/data/definitions/319.html"
  ],
  "description": "Insecure HTTP request detected. HTTP transmits data in plaintext, making it vulnerable  to man-in-the-middle attacks where attackers can intercept, read, or modify sensitive  data including credentials, personal information, and session tokens. Always use HTTPS  URLs to ensure data is transmitted over an encrypted TLS/SSL channel. Replace http://  with https:// in all URL strings.",
  "risk": "",
  "issue": "",
  "advice": "Replace all HTTP URLs with HTTPS URLs by changing http:// to https:// in request constructors. Configure HttpClient to enforce TLS/SSL connections and reject insecure protocols. Validate that all external API calls use encrypted transport.",
  "vendor": "opengrep"
}
