{
  "id": "java-facebook-access-token",
  "name": "Hardcoded Facebook Access Token",
  "severity": "HIGH",
  "category": "Security Error",
  "language": [
    "JAVA"
  ],
  "cwe": [
    "https://cwe.mitre.org/data/definitions/798.html"
  ],
  "description": "Facebook Access Token detected in source code. Hardcoded credentials in source code can be extracted by attackers who gain access to the repository, CI/CD systems, or deployed applications, leading to unauthorized access to Facebook APIs and user data. Store credentials securely using environment variables, system properties, or a secure credential management system like HashiCorp Vault, AWS Secrets Manager, or Azure Key Vault. Use System.getenv(\"FACEBOOK_ACCESS_TOKEN\") or similar secure retrieval methods instead.",
  "risk": "",
  "issue": "",
  "advice": "Remove hardcoded Facebook access tokens from source code and store them securely using environment variables or a credential management system. Use System.getenv(\"FACEBOOK_ACCESS_TOKEN\") to retrieve tokens at runtime. Rotate any exposed tokens immediately through the Facebook Developer Console.",
  "vendor": "opengrep"
}
