{
  "id": "java-weak-password-hash",
  "name": "Weak Password Hash using Java Crypto",
  "severity": "HIGH",
  "category": "Security Error",
  "language": [
    "JAVA"
  ],
  "cwe": [
    "https://cwe.mitre.org/data/definitions/916.html"
  ],
  "description": "Weak cryptographic hash function used for password hashing. Use a dedicated password hashing algorithm like bcrypt, scrypt, Argon2, or PBKDF2 instead.",
  "risk": "",
  "issue": "",
  "advice": "Replace MessageDigest and DigestUtils with dedicated password hashing libraries like BCrypt, SCrypt, or Argon2. Use BCryptPasswordEncoder.encode() for Spring applications or BCrypt.hashpw() directly. These algorithms include salt generation and are designed to be computationally expensive against brute force attacks.",
  "vendor": "opengrep"
}
