{
  "id": "java-xpath-injection",
  "name": "XPath Injection using Java XML",
  "severity": "MEDIUM",
  "category": "Security Error",
  "language": [
    "JAVA"
  ],
  "cwe": [
    "https://cwe.mitre.org/data/definitions/643.html"
  ],
  "description": "XPath injection vulnerability detected. Sanitize user input thoroughly or use parameterized XPath queries to prevent unauthorized access to XML data.",
  "risk": "",
  "issue": "",
  "advice": "Use parameterized XPath queries with XPathExpression.setXPathVariableResolver() to bind variables safely. Validate and sanitize all user input against an allowlist of expected values. Consider using DOM navigation methods instead of dynamic XPath construction.",
  "vendor": "opengrep"
}
