{
  "id": "java-intra42-client-secret",
  "name": "Hardcoded Intra42 Client Secret",
  "severity": "HIGH",
  "category": "Security Error",
  "language": [
    "JAVA"
  ],
  "cwe": [
    "https://cwe.mitre.org/data/definitions/798.html"
  ],
  "description": "Hardcoded Intra42 client secret detected in source code. This exposes sensitive authentication credentials that could allow attackers to impersonate your application, access user data, or perform unauthorized API operations against the 42 School platform. Hardcoded secrets are visible to anyone with code access and cannot be rotated without code changes. Store credentials securely using environment variables (System.getenv()), system properties (System.getProperty()), or a secure vault service instead of hardcoding them in source code.",
  "risk": "",
  "issue": "",
  "advice": "Store Intra42 client secrets in environment variables using System.getenv() or secure configuration management systems. Never hardcode secrets in source code as they become visible to anyone with repository access and cannot be rotated without code deployment.",
  "vendor": "opengrep"
}
