{
  "id": "java-weak-ssl-version",
  "name": "Weak SSL/TLS Version using Java SSL",
  "severity": "HIGH",
  "category": "Security Error",
  "language": [
    "JAVA"
  ],
  "cwe": [
    "https://cwe.mitre.org/data/definitions/326.html"
  ],
  "description": "Weak SSL/TLS version detected. Use TLS 1.2 or higher for secure communication.",
  "risk": "",
  "issue": "",
  "advice": "Use TLS 1.2 or higher by specifying \"TLSv1.2\" or \"TLSv1.3\" when creating SSL contexts. Replace deprecated protocols like SSLv2, SSLv3, and TLSv1.0/1.1 with secure versions. Configure SSLContext.getInstance(\"TLSv1.2\") or newer protocols only.",
  "vendor": "opengrep"
}
