{
  "id": "java-jwt-unsigned-token",
  "name": "Unsigned JWT Token using JJWT",
  "severity": "MEDIUM",
  "category": "Security Error",
  "language": [
    "JAVA"
  ],
  "cwe": [
    "https://cwe.mitre.org/data/definitions/327.html"
  ],
  "description": "Unsigned JWT token vulnerability. JWT tokens are being created without cryptographic signatures, allowing attackers to forge tokens, impersonate users, escalate privileges, or bypass authentication entirely. Unsigned tokens can be modified by anyone with access to them. Always sign JWT tokens using signWith() with secure algorithms like HS256, HS512, RS256, or ES256. Avoid 'none' algorithm and ensure proper key management for signing keys.",
  "risk": "",
  "issue": "",
  "advice": "Always sign JWT tokens using signWith() method with secure algorithms like HS256, HS512, RS256, or ES256. Never use the 'none' algorithm. Ensure proper key management and use strong, randomly generated signing keys stored securely.",
  "vendor": "opengrep"
}
