{
  "id": "java-jakarta-mail-internetaddress-overloaded-ctor",
  "name": "Email Validation Bypass using Jakarta Mail",
  "severity": "HIGH",
  "category": "Security Warning",
  "language": [
    "JAVA"
  ],
  "cwe": [
    "https://cwe.mitre.org/data/definitions/20.html"
  ],
  "description": "Email validation bypass vulnerability. InternetAddress constructor with multiple arguments  bypasses RFC compliance validation and assigns the address field directly, allowing malformed  or malicious email addresses to be processed. This can lead to email injection attacks or  bypass of domain-based security controls. Use the single-argument constructor  InternetAddress(String address) which performs RFC validation, or implement additional  validation using proper email parsing libraries.",
  "risk": "",
  "issue": "",
  "advice": "Use InternetAddress single-argument constructor with strict validation. Implement additional email canonicalization using proper parsing libraries. Never trust complex email syntax for domain-based security decisions without proper validation.",
  "vendor": "opengrep"
}
