{
  "id": "java-mongodb-hostname-verification-disabled",
  "name": "SSL Hostname Verification Disabled using MongoDB",
  "severity": "MEDIUM",
  "category": "Security Error",
  "language": [
    "JAVA",
    "KOTLIN"
  ],
  "cwe": [
    "https://cwe.mitre.org/data/definitions/295.html"
  ],
  "description": "MongoDB SSL hostname verification vulnerability. The client is configured to disable SSL hostname verification, which allows man-in-the-middle (MITM) attacks where attackers can intercept and modify database communications by presenting invalid certificates. This can lead to data theft, credential compromise, or data manipulation. Enable hostname verification by setting invalidHostNameAllowed(false) or remove the call entirely to use secure defaults. Consider using proper certificate validation and trusted certificate authorities.",
  "risk": "",
  "issue": "",
  "advice": "Enable SSL hostname verification by setting invalidHostNameAllowed(false) or removing the call entirely to use secure defaults. Use proper certificate validation with trusted certificate authorities. Never disable hostname verification in production environments.",
  "vendor": "opengrep"
}
