{
  "id": "java-promptfoo-ai-tooling-usage",
  "name": "AI Tooling Usage using Promptfoo",
  "severity": "MEDIUM",
  "category": "Quality",
  "language": [
    "JAVA"
  ],
  "cwe": [
    "https://cwe.mitre.org/data/definitions/200.html"
  ],
  "description": "AI tooling usage detected with promptfoo library. This library processes prompts and AI model responses, which can expose sensitive data to external AI services or be vulnerable to prompt injection attacks. Attackers may manipulate prompts to extract training data, bypass content filters, or cause unintended AI behavior. Implement proper input validation, output sanitization, data classification controls, and ensure AI service usage complies with data privacy requirements.",
  "risk": "",
  "issue": "",
  "advice": "Implement input validation and sanitization for all prompts sent to AI services. Use data classification controls to prevent sensitive data exposure. Apply output filtering and content validation for AI responses. Ensure AI service usage complies with organizational data privacy and security policies.",
  "vendor": "opengrep"
}
