{
  "id": "java-github-refresh-token",
  "name": "Hardcoded GitHub Token using GitHub API",
  "severity": "HIGH",
  "category": "Security Error",
  "language": [
    "JAVA"
  ],
  "cwe": [
    "https://cwe.mitre.org/data/definitions/798.html"
  ],
  "description": "GitHub refresh token detected in source code. Hardcoded GitHub refresh tokens allow attackers who gain access to your source code to authenticate as your application, potentially accessing private repositories, user data, or performing actions on behalf of your application. This can lead to data breaches, unauthorized code changes, or service disruption. Store credentials in environment variables (System.getenv(\"GITHUB_TOKEN\")) or a secure credential management system instead of hardcoding them in source code.",
  "risk": "",
  "issue": "",
  "advice": "Store GitHub refresh tokens in environment variables using System.getenv(\"GITHUB_TOKEN\") or a secure credential management system like AWS Secrets Manager. Never commit tokens to source code. Use GitHub's token scanning to detect exposed credentials.",
  "vendor": "opengrep"
}
