{
  "id": "java-custom-xss-filter-detection",
  "name": "XSS using Custom Filter",
  "severity": "MEDIUM",
  "category": "Quality",
  "language": [
    "JAVA"
  ],
  "cwe": [
    "https://cwe.mitre.org/data/definitions/79.html"
  ],
  "description": "Custom XSS filtering implementation detected in HttpServletRequestWrapper. Custom XSS filters are often incomplete and bypassable. Use proven sanitization libraries like OWASP Java Encoder or Spring HtmlUtils instead.",
  "risk": "",
  "issue": "",
  "advice": "Replace custom XSS filtering with proven libraries like OWASP Java Encoder or Spring HtmlUtils. Use context-appropriate encoding: HtmlUtils.htmlEscape() for HTML content, Encode.forJavaScript() for JS contexts. Validate input against allowlists when possible.",
  "vendor": "opengrep"
}
