{
  "id": "java-xml-external-entities-enabled",
  "name": "XXE using Java XML",
  "severity": "HIGH",
  "category": "Security Error",
  "language": [
    "JAVA"
  ],
  "cwe": [
    "https://cwe.mitre.org/data/definitions/611.html"
  ],
  "description": "XML external entities are explicitly enabled, making the application vulnerable to XXE attacks.  Set the feature \"http://xml.org/sax/features/external-general-entities\" to false to disable external entities.",
  "risk": "",
  "issue": "",
  "advice": "Set the feature \"http://xml.org/sax/features/external-general-entities\" to false to disable external entities. Also disable \"http://xml.org/sax/features/external-parameter-entities\" and \"http://apache.org/xml/features/disallow-doctype-decl\" for complete XXE protection.",
  "vendor": "opengrep"
}
