{
  "id": "java-jwt-none-algorithm",
  "name": "Weak JWT Algorithm using Auth0",
  "severity": "MEDIUM",
  "category": "Security Error",
  "language": [
    "JAVA"
  ],
  "cwe": [
    "https://cwe.mitre.org/data/definitions/327.html"
  ],
  "description": "JWT signed with 'none' algorithm detected. Use a secure signing algorithm like HS256, RS256, or ES256 instead.",
  "risk": "",
  "issue": "",
  "advice": "Replace Algorithm.none() with a secure signing algorithm like Algorithm.HMAC256(secret) for symmetric keys or Algorithm.RSA256() for asymmetric keys. The 'none' algorithm provides no cryptographic protection and allows token forgery. Always verify tokens use strong algorithms in production.",
  "vendor": "opengrep"
}
