{
  "id": "java-struts-ognl-injection-warning",
  "name": "OGNL Injection using Struts",
  "severity": "HIGH",
  "category": "Security Warning",
  "language": [
    "JAVA"
  ],
  "cwe": [
    "https://cwe.mitre.org/data/definitions/917.html"
  ],
  "description": "Potential OGNL expression injection vulnerability in Struts framework. Method parameters flow to OGNL evaluation methods. If these parameters can be influenced by user input through form binding or other mechanisms, this could lead to remote code execution. Verify that input is properly validated or use Struts tags instead for safe template processing.",
  "risk": "",
  "issue": "",
  "advice": "Avoid passing user-controlled data to OGNL evaluation methods like TextParseUtil.translateVariables() or ValueStack.findValue(). Use Struts tags with proper escaping instead of direct OGNL evaluation. If OGNL is required, validate input against a strict allowlist and consider using SecurityMemberAccess to restrict accessible classes and methods.",
  "vendor": "opengrep"
}
