{
  "id": "java-weak-ssl-context",
  "name": "Weak SSL Context using Java SSL",
  "severity": "HIGH",
  "category": "Security Error",
  "language": [
    "JAVA"
  ],
  "cwe": [
    "https://cwe.mitre.org/data/definitions/326.html"
  ],
  "description": "Weak SSL/TLS context detected. Use SSLContext.getInstance(\"TLSv1.2\") or SSLContext.getInstance(\"TLSv1.3\") for secure encryption.",
  "risk": "",
  "issue": "",
  "advice": "Use SSLContext.getInstance(\"TLSv1.3\") or SSLContext.getInstance(\"TLSv1.2\") instead of older protocols like SSL, TLS, or TLSv1.1. Configure cipher suites to exclude weak algorithms. Regularly update to the latest TLS version supported by your environment.",
  "vendor": "opengrep"
}
