{
  "id": "java-jdbc-sqli-warning",
  "name": "SQL Injection using JDBC",
  "severity": "HIGH",
  "category": "Security Warning",
  "language": [
    "JAVA"
  ],
  "cwe": [
    "https://cwe.mitre.org/data/definitions/89.html"
  ],
  "description": "Potential SQL injection vulnerability in JDBC Statement. Method parameters flow to SQL execution methods. If these parameters can be influenced by user input, this could allow attackers to execute arbitrary SQL. Use PreparedStatement with parameterized queries instead of concatenating values into SQL strings.",
  "risk": "",
  "issue": "",
  "advice": "Replace Statement with PreparedStatement and use parameterized queries with setString(), setInt(), etc. Never concatenate user input into SQL strings. Use connection.prepareStatement(sql) and set parameters via prepared statement methods.",
  "vendor": "opengrep"
}
