{
  "id": "java-bad-hexa-conversion",
  "name": "Weak Hex Conversion using Java",
  "severity": "HIGH",
  "category": "Security Warning",
  "language": [
    "JAVA"
  ],
  "cwe": [
    "https://cwe.mitre.org/data/definitions/704.html"
  ],
  "description": "Cryptographic weakness: Integer.toHexString() and Long.toHexString()  strip leading zeroes from hexadecimal output, which weakens hash values by creating  collisions and reducing entropy. This can compromise cryptographic security by making  hash values predictable or allowing attackers to find inputs that produce the same  truncated hash. Use String.format(\"%02X\", ...) or similar padding methods to preserve  leading zeros and maintain full cryptographic strength.",
  "risk": "",
  "issue": "",
  "advice": "Replace Integer.toHexString() and Long.toHexString() with String.format(\"%02X\", ...) or similar padding methods to preserve leading zeros. Use StringBuilder with proper formatting or Apache Commons Codec for consistent hexadecimal output. This maintains full entropy and prevents hash collisions from truncated values.",
  "vendor": "opengrep"
}
