{
  "id": "java-path-traversal-absolute",
  "name": "Path Traversal using Java File APIs",
  "severity": "HIGH",
  "category": "Security Error",
  "language": [
    "JAVA"
  ],
  "cwe": [
    "https://cwe.mitre.org/data/definitions/22.html"
  ],
  "description": "Path traversal vulnerability detected. User input is used to construct file paths without proper validation. Use Path.normalize() or validate that the resolved path stays within the expected directory.",
  "risk": "",
  "issue": "",
  "advice": "Use Path.normalize() to resolve relative paths and validate that the resolved path stays within expected directories. Consider using Path.startsWith() to check if the normalized path is within allowed boundaries. Avoid directly concatenating user input with file paths.",
  "vendor": "opengrep"
}
