{
  "id": "java-flutterwave-encryption-key",
  "name": "Hardcoded API Key using Flutterwave",
  "severity": "HIGH",
  "category": "Security Error",
  "language": [
    "JAVA"
  ],
  "cwe": [
    "https://cwe.mitre.org/data/definitions/798.html"
  ],
  "description": "Hardcoded Flutterwave API key detected in source code. Hardcoded API keys pose significant security risks as they can be exposed through version control, logs, or code sharing, allowing attackers to access your Flutterwave account, process unauthorized transactions, or steal sensitive payment data. Store API keys in environment variables, secure configuration files, or a dedicated key management system like AWS Secrets Manager or HashiCorp Vault. Never commit API keys to version control.",
  "risk": "",
  "issue": "",
  "advice": "Store Flutterwave API keys in environment variables or secure configuration management systems like AWS Secrets Manager or HashiCorp Vault. Load keys at runtime using System.getenv() or configuration libraries. Never hardcode credentials in source code or commit them to version control.",
  "vendor": "opengrep"
}
