{
  "id": "java-pulumi-api-token-hardcoded",
  "name": "Hardcoded API Token using Pulumi",
  "severity": "HIGH",
  "category": "Security Error",
  "language": [
    "JAVA"
  ],
  "cwe": [
    "https://cwe.mitre.org/data/definitions/798.html"
  ],
  "description": "Hardcoded Pulumi API token vulnerability detected. Embedding API tokens directly in source code exposes them to anyone with code access, including version control systems, logs, and error messages. Attackers can use these tokens to access your Pulumi infrastructure, modify deployments, or steal sensitive configuration data. Store API tokens in environment variables using System.getenv(), Pulumi configuration with Config.getSecret(), or a secure vault service instead of hardcoding them.",
  "risk": "",
  "issue": "",
  "advice": "Store Pulumi API tokens in environment variables using System.getenv() or Pulumi configuration with Config.getSecret(). Use secure vault services for production environments. Never commit tokens to version control systems.",
  "vendor": "opengrep"
}
