{
  "id": "java-unencrypted-socket",
  "name": "Unencrypted Socket using Java Sockets",
  "severity": "MEDIUM",
  "category": "Security Warning",
  "language": [
    "JAVA"
  ],
  "cwe": [
    "https://cwe.mitre.org/data/definitions/319.html"
  ],
  "description": "Unencrypted socket connection detected. Use SSLSocket or SSLServerSocket to encrypt network traffic and prevent eavesdropping.",
  "risk": "",
  "issue": "",
  "advice": "Replace Socket and ServerSocket with SSLSocket and SSLServerSocket to encrypt network traffic. Use SSLSocketFactory.getDefault().createSocket() or SSLServerSocketFactory.getDefault().createServerSocket(). Configure proper TLS versions and cipher suites for security.",
  "vendor": "opengrep"
}
