{
  "id": "java-flutterwave-secret-key",
  "name": "Hardcoded Secret using Flutterwave",
  "severity": "HIGH",
  "category": "Security Error",
  "language": [
    "JAVA"
  ],
  "cwe": [
    "https://cwe.mitre.org/data/definitions/798.html"
  ],
  "description": "Hardcoded Flutterwave secret key detected in source code. Exposed API keys allow unauthorized access to payment processing, enabling attackers to process fraudulent transactions, access customer data, or manipulate payment flows. This can result in financial losses, data breaches, and regulatory violations. Store credentials in environment variables, secure configuration files, or a secrets management vault instead of hardcoding them in source code.",
  "risk": "",
  "issue": "",
  "advice": "Store Flutterwave secret keys in environment variables or a secure secrets management system like AWS Secrets Manager or HashiCorp Vault. Load credentials at runtime using System.getenv() or configuration frameworks. Never commit API keys to version control.",
  "vendor": "opengrep"
}
