{
  "id": "java-weak-crypt-functions",
  "name": "Weak Cryptographic Functions using Java",
  "severity": "MEDIUM",
  "category": "Security Error",
  "language": [
    "JAVA"
  ],
  "cwe": [
    "https://cwe.mitre.org/data/definitions/327.html"
  ],
  "description": "Weak cryptographic function detected. Use modern password hashing algorithms like Argon2id or bcrypt instead of the deprecated crypt functions.",
  "risk": "",
  "issue": "",
  "advice": "Replace deprecated crypt() functions with modern password hashing algorithms like Argon2id, bcrypt, or scrypt. Use libraries such as Spring Security's BCryptPasswordEncoder or Argon2PasswordEncoder. These algorithms are designed to be computationally expensive and resistant to brute-force attacks.",
  "vendor": "opengrep"
}
