{
  "id": "java-url-rewriting-session-exposure",
  "name": "Session Exposure using Java Servlets",
  "severity": "MEDIUM",
  "category": "Security Warning",
  "language": [
    "JAVA"
  ],
  "cwe": [
    "https://cwe.mitre.org/data/definitions/200.html"
  ],
  "description": "URL rewriting session exposure vulnerability. The application uses URL rewriting to maintain session state, which embeds session IDs directly in URLs (e.g., ;jsessionid=ABC123). This exposes session tokens through browser history, server logs, referrer headers, and shared URLs, allowing attackers to hijack user sessions or gain unauthorized access. Configure cookie-based session management by setting <tracking-mode>COOKIE</tracking-mode> in web.xml and avoid using HttpServletResponse.encodeURL() methods for session tracking.",
  "risk": "",
  "issue": "",
  "advice": "Configure cookie-based session management by setting <tracking-mode>COOKIE</tracking-mode> in web.xml. Avoid using HttpServletResponse.encodeURL() methods for session tracking. Ensure cookies have secure and httpOnly flags set to prevent session exposure through URLs.",
  "vendor": "opengrep"
}
