{
  "id": "java-xxe-documentbuilderfactory",
  "name": "XXE using DocumentBuilderFactory",
  "severity": "HIGH",
  "category": "Security Error",
  "language": [
    "JAVA"
  ],
  "cwe": [
    "https://cwe.mitre.org/data/definitions/611.html"
  ],
  "description": "XML External Entity (XXE) vulnerability in DocumentBuilderFactory. The parser is created and used without proper XXE protection, allowing attackers to read arbitrary files, perform Server-Side Request Forgery (SSRF), or cause denial of service through XML entity expansion. Configure security by either: 1) Set setFeature(\"http://apache.org/xml/features/disallow-doctype-decl\", true), or 2) Disable external entities with setFeature(\"http://xml.org/sax/features/external-parameter-entities\", false) AND setFeature(\"http://xml.org/sax/features/external-general-entities\", false).",
  "risk": "",
  "issue": "",
  "advice": "Disable external entities by setting factory.setFeature(\"http://xml.org/sax/features/external-general-entities\", false) and factory.setFeature(\"http://xml.org/sax/features/external-parameter-entities\", false). Alternatively, disable DTD processing entirely with factory.setFeature(\"http://apache.org/xml/features/disallow-doctype-decl\", true).",
  "vendor": "opengrep"
}
