{
  "id": "java-socket-insecure-transport",
  "name": "Insecure Transport using Java Socket",
  "severity": "MEDIUM",
  "category": "Security Error",
  "language": [
    "JAVA"
  ],
  "cwe": [
    "https://cwe.mitre.org/data/definitions/319.html"
  ],
  "description": "Insecure transport protocol detected in socket connection. Use secure protocols like HTTPS or TLS instead of HTTP, FTP, or Telnet which transmit data in cleartext.",
  "risk": "",
  "issue": "",
  "advice": "Replace insecure protocols (HTTP, FTP, Telnet) with secure alternatives like HTTPS or use SSLSocket for encrypted connections. Use SSLSocketFactory.createSocket() or wrap existing sockets with SSL/TLS. Always validate certificates and use strong cipher suites.",
  "vendor": "opengrep"
}
