{
  "id": "java-rsa-no-padding",
  "name": "Weak Cryptography using Java Cipher",
  "severity": "HIGH",
  "category": "Security Error",
  "language": [
    "JAVA",
    "KOTLIN"
  ],
  "cwe": [
    "https://cwe.mitre.org/data/definitions/326.html"
  ],
  "description": "RSA encryption without proper padding detected. RSA without padding is vulnerable to chosen-plaintext attacks where attackers can decrypt ciphertext or forge signatures by exploiting the mathematical properties of RSA. This can lead to complete compromise of encrypted data. Use RSA/ECB/OAEPPadding (recommended) or RSA/ECB/PKCS1Padding instead of NoPadding to ensure semantic security.",
  "risk": "",
  "issue": "",
  "advice": "Replace RSA/ECB/NoPadding with RSA/ECB/OAEPPadding for optimal security or RSA/ECB/PKCS1Padding for compatibility. Use Cipher.getInstance(\"RSA/ECB/OAEPPadding\") to prevent chosen-plaintext attacks. Never use NoPadding with RSA as it exposes the mathematical structure of the encryption.",
  "vendor": "opengrep"
}
