{
  "id": "java-struts-devmode-enabled",
  "name": "Debug Mode Enabled using Struts",
  "severity": "HIGH",
  "category": "Security Error",
  "language": [
    "GENERIC"
  ],
  "cwe": [
    "https://cwe.mitre.org/data/definitions/489.html"
  ],
  "description": "Struts development mode is enabled in production configuration. Development mode  exposes sensitive debugging information, stack traces, and internal application  details that attackers can use for reconnaissance and exploitation. It may also  enable additional endpoints or bypass security controls. Disable devMode in web.xml  by setting struts.devMode to false or removing the parameter entirely to prevent  information disclosure in production environments.",
  "risk": "",
  "issue": "",
  "advice": "Set struts.devMode to false in web.xml or remove the parameter entirely for production deployments. Development mode exposes debugging information, stack traces, and internal application details that aid attackers in reconnaissance. Review all Struts configuration files to ensure no debug settings are enabled in production environments.",
  "vendor": "opengrep"
}
