{
  "id": "java-plaid-secret-key",
  "name": "Hardcoded Plaid Secret Key",
  "severity": "HIGH",
  "category": "Security Error",
  "language": [
    "JAVA"
  ],
  "cwe": [
    "https://cwe.mitre.org/data/definitions/798.html"
  ],
  "description": "Hardcoded Plaid secret key detected in source code. Plaid secret keys provide access to sensitive financial data and API operations. If exposed, attackers can access user financial information, initiate unauthorized transactions, or exhaust API quotas. Store Plaid secrets in environment variables, secure configuration files, or a secrets management system (AWS Secrets Manager, HashiCorp Vault, etc.). Never commit secrets to version control.",
  "risk": "",
  "issue": "",
  "advice": "Store Plaid secret keys in environment variables or secure configuration management systems like AWS Secrets Manager or HashiCorp Vault. Load secrets at runtime using System.getenv() or configuration libraries. Never hardcode credentials in source code or commit them to version control.",
  "vendor": "opengrep"
}
