{
  "id": "java-rmi-dangerous-deserialization",
  "name": "Deserialization using Java RMI",
  "severity": "HIGH",
  "category": "Security Error",
  "language": [
    "JAVA"
  ],
  "cwe": [
    "https://cwe.mitre.org/data/definitions/502.html"
  ],
  "description": "Java RMI interface uses arbitrary object parameter which creates an insecure deserialization vulnerability. Use primitive types, strings, or integer IDs to look up objects instead of passing complex objects directly.",
  "risk": "",
  "issue": "",
  "advice": "Replace complex object parameters in RMI interfaces with primitive types, strings, or integer IDs. Use these safe parameters to look up objects server-side instead of passing serialized objects directly. This prevents arbitrary deserialization attacks through RMI calls.",
  "vendor": "opengrep"
}
