{
  "id": "java-xss-servlet-writer",
  "name": "XSS using Java Servlets",
  "severity": "MEDIUM",
  "category": "Security Error",
  "language": [
    "JAVA"
  ],
  "cwe": [
    "https://cwe.mitre.org/data/definitions/79.html"
  ],
  "description": "Cross-site scripting (XSS) vulnerability detected. User input is being written directly to HTTP response without proper encoding. Use HTML encoding libraries like OWASP Java Encoder or Apache Commons Text to encode output based on context.",
  "risk": "",
  "issue": "",
  "advice": "Use HTML encoding libraries like OWASP Java Encoder or Apache Commons Text to encode output before writing to HttpServletResponse. Call Encode.forHtml() for HTML content or Encode.forHtmlAttribute() for attributes. Never write user input directly to response without proper context-aware encoding.",
  "vendor": "opengrep"
}
