{
  "id": "java-spring-ftp-cleartext",
  "name": "Cleartext FTP Connection using Spring",
  "severity": "MEDIUM",
  "category": "Security Error",
  "language": [
    "JAVA"
  ],
  "cwe": [
    "https://cwe.mitre.org/data/definitions/319.html"
  ],
  "description": "Insecure FTP connection detected using cleartext protocol. FTP transmits credentials and data in plaintext, allowing attackers to intercept sensitive information through network sniffing or man-in-the-middle attacks. This can lead to credential theft, data exposure, and unauthorized access to file systems. Use SFTP (SSH File Transfer Protocol) or FTPS (FTP over SSL/TLS) instead of plain FTP for encrypted file transfers. Replace ftp:// URLs with sftp:// or ftps:// and ensure proper SSL/TLS configuration.",
  "risk": "",
  "issue": "",
  "advice": "Replace ftp:// URLs with sftp:// or ftps:// in DefaultFtpSessionFactory configuration. Use DefaultSftpSessionFactory for SFTP connections or configure SSL/TLS for FTPS. Ensure proper certificate validation and secure cipher suites are enabled.",
  "vendor": "opengrep"
}
