{
  "id": "java-cookie-missing-secure-flag",
  "name": "Missing Secure Flag using Java Cookies",
  "severity": "MEDIUM",
  "category": "Security Warning",
  "language": [
    "JAVA"
  ],
  "cwe": [
    "https://cwe.mitre.org/data/definitions/614.html"
  ],
  "description": "Cookie created without the 'secure' flag. Set the secure flag by calling setSecure(true) to prevent transmission over insecure HTTP connections.",
  "risk": "",
  "issue": "",
  "advice": "Always call setSecure(true) on cookies before adding them to the response. This ensures cookies are only transmitted over HTTPS connections. For session cookies, also consider setting HttpOnly and SameSite attributes for additional protection.",
  "vendor": "opengrep"
}
