{
  "id": "java-insecure-tls-protocols",
  "name": "Insecure TLS Protocol using Java",
  "severity": "HIGH",
  "category": "Security Error",
  "language": [
    "JAVA"
  ],
  "cwe": [
    "https://cwe.mitre.org/data/definitions/326.html"
  ],
  "description": "Insecure TLS/SSL protocol version configured. Use TLSv1.2 or TLSv1.3 instead of deprecated SSLv3, TLSv1.0, or TLSv1.1 protocols.",
  "risk": "",
  "issue": "",
  "advice": "Configure TLS properties to use only secure protocol versions: System.setProperty(\"jdk.tls.client.protocols\", \"TLSv1.2,TLSv1.3\"). Remove references to SSLv3, TLSv1.0, and TLSv1.1 from protocol configurations. Regularly update to latest TLS versions as they become available.",
  "vendor": "opengrep"
}
