{
  "id": "java-jakarta-mail-mimemessage-raw-envelope-ctor",
  "name": "",
  "severity": "HIGH",
  "category": "Security Warning",
  "language": [
    "JAVA"
  ],
  "cwe": [],
  "description": "Untrusted email header parsing vulnerability. MimeMessage constructed from raw source or  InputStream may contain attacker-controlled headers that will be parsed using InternetAddress/NewsAddress  without validation. This can lead to email header injection, spoofing, or bypass of security controls.  Ensure user-controlled envelopes are canonicalized and validated before trusting header values,  and consider using MimeMessage(Session) constructor with validated content instead.",
  "risk": "",
  "issue": "",
  "advice": "",
  "vendor": "opengrep"
}
