{
  "id": "java-localhost-baseurl",
  "name": "Hardcoded Localhost URL using Java",
  "severity": "MEDIUM",
  "category": "best-practice",
  "language": [
    "JAVA"
  ],
  "cwe": [
    "https://cwe.mitre.org/data/definitions/116.html"
  ],
  "description": "The 'baseURL' is set to localhost. This may cause links to not work if deployed.",
  "risk": "",
  "issue": "",
  "advice": "Replace hardcoded localhost URLs with configurable properties or environment variables. Use application.properties or system properties to set baseURL dynamically based on deployment environment. Consider using relative URLs where possible to avoid hostname dependencies.",
  "vendor": "opengrep"
}
