{
  "id": "java-aws-access-key-id-hardcoded",
  "name": "Hardcoded AWS Access Key using Java",
  "severity": "HIGH",
  "category": "Security Error",
  "language": [
    "JAVA"
  ],
  "cwe": [
    "https://cwe.mitre.org/data/definitions/798.html"
  ],
  "description": "Hardcoded AWS Access Key ID detected. Embedding AWS credentials directly in source code creates serious security risks: attackers who gain access to the codebase can steal credentials and gain unauthorized access to AWS resources, potentially leading to data breaches, resource hijacking, or privilege escalation. Store credentials securely using environment variables (System.getenv()), AWS IAM roles, AWS Systems Manager Parameter Store, or AWS Secrets Manager. For local development, use AWS credential files or AWS CLI configuration instead of hardcoding values.",
  "risk": "",
  "issue": "",
  "advice": "Remove hardcoded AWS credentials from source code. Use environment variables with System.getenv(), AWS IAM roles, or AWS credential files (~/.aws/credentials). For applications, prefer AWS Systems Manager Parameter Store or AWS Secrets Manager for secure credential storage.",
  "vendor": "opengrep"
}
