{
  "id": "java-struts-xml-devmode",
  "name": "Debug Mode Enabled using Struts",
  "severity": "HIGH",
  "category": "Security Warning",
  "language": [
    "XML"
  ],
  "cwe": [
    "https://cwe.mitre.org/data/definitions/489.html"
  ],
  "description": "Struts development mode is enabled. Disable development mode in production by setting struts.devMode to false.",
  "risk": "",
  "issue": "",
  "advice": "Set struts.devMode to false in production struts.xml configuration files. Development mode exposes sensitive debugging information and stack traces that can aid attackers. Remove or comment out devMode configuration entirely as it defaults to false in production builds.",
  "vendor": "opengrep"
}
