{
  "id": "java-command-injection-warning",
  "name": "Command Injection using Java Runtime",
  "severity": "HIGH",
  "category": "Security Warning",
  "language": [
    "JAVA"
  ],
  "cwe": [
    "https://cwe.mitre.org/data/definitions/78.html"
  ],
  "description": "Potential command injection vulnerability. Method parameters flow to system command execution. If these parameters can be influenced by user input, this could allow attackers to execute arbitrary system commands. Avoid executing commands with user-controlled input, or use safe APIs that don't invoke a shell interpreter.",
  "risk": "",
  "issue": "",
  "advice": "Replace Runtime.exec(String) with ProcessBuilder using argument arrays to prevent shell interpretation. Use new ProcessBuilder(\"command\", arg1, arg2) instead of concatenating strings. Validate all input against strict allowlists and avoid executing system commands when possible.",
  "vendor": "opengrep"
}
