{
  "id": "java-sauce-token-detected",
  "name": "Hardcoded Credentials using Sauce Labs",
  "severity": "HIGH",
  "category": "Security Error",
  "language": [
    "JAVA"
  ],
  "cwe": [
    "https://cwe.mitre.org/data/definitions/798.html"
  ],
  "description": "Hardcoded Sauce Labs token detected in source code. Store authentication tokens in environment variables or secure configuration files instead.",
  "risk": "",
  "issue": "",
  "advice": "Store Sauce Labs tokens in environment variables or secure configuration files instead of hardcoding them. Use System.getenv() or properties files with restricted access. Rotate exposed tokens immediately and implement secret scanning in CI/CD pipelines.",
  "vendor": "opengrep"
}
