{
  "id": "java-stripe-restricted-api-key",
  "name": "Hardcoded API Key using Stripe",
  "severity": "HIGH",
  "category": "Security Error",
  "language": [
    "JAVA"
  ],
  "cwe": [
    "https://cwe.mitre.org/data/definitions/798.html"
  ],
  "description": "Hardcoded Stripe Restricted API key detected in source code. Exposed API keys allow attackers to make unauthorized API calls, potentially accessing sensitive customer data, processing fraudulent transactions, or incurring charges on your Stripe account. This can lead to financial loss, data breaches, and compliance violations. Store API keys securely using environment variables (System.getenv(\"STRIPE_API_KEY\")), configuration management systems, or secure key vaults instead of hardcoding them in source code.",
  "risk": "",
  "issue": "",
  "advice": "Store Stripe API keys securely using environment variables with System.getenv(\"STRIPE_API_KEY\") or configuration management systems. Never hardcode API keys in source code as they can be exposed in version control and logs. Use secure key vaults for production environments.",
  "vendor": "opengrep"
}
