{
  "id": "java-rmi-dangerous-class-deserialization",
  "name": "Unsafe Deserialization using Java RMI",
  "severity": "HIGH",
  "category": "Security Warning",
  "language": [
    "JAVA"
  ],
  "cwe": [
    "https://cwe.mitre.org/data/definitions/502.html"
  ],
  "description": "Insecure deserialization vulnerability in RMI interface. Use primitive types or implement custom serialization with proper validation instead of accepting arbitrary objects.",
  "risk": "",
  "issue": "",
  "advice": "Use only primitive types, String, or serializable DTOs with validation in RMI interfaces. Implement custom readObject() methods with input validation. Consider using secure alternatives like gRPC or REST APIs with JSON serialization.",
  "vendor": "opengrep"
}
