{
  "id": "java-struts-ognl-injection",
  "name": "OGNL Injection using Struts",
  "severity": "HIGH",
  "category": "Security Error",
  "language": [
    "JAVA"
  ],
  "cwe": [
    "https://cwe.mitre.org/data/definitions/917.html"
  ],
  "description": "OGNL expression injection vulnerability in Struts framework. Avoid using raw OGNL evaluation methods with user input, use Struts tags instead for safe template processing.",
  "risk": "",
  "issue": "",
  "advice": "Avoid using OGNL evaluation methods like OgnlUtil.getValue(), TextParseUtil.translateVariables(), and ValueStack.findValue() with user input. Use Struts tags and form validation instead. Configure OGNL security settings to disable method execution and limit expression complexity. Sanitize all user input before any OGNL processing.",
  "vendor": "opengrep"
}
