{
  "id": "java-script-engine-injection",
  "name": "Code Injection using ScriptEngine",
  "severity": "HIGH",
  "category": "Security Error",
  "language": [
    "JAVA"
  ],
  "cwe": [
    "https://cwe.mitre.org/data/definitions/94.html"
  ],
  "description": "Code injection vulnerability in ScriptEngine.eval(). Avoid passing user input to eval(), or validate and sanitize input before evaluation.",
  "risk": "",
  "issue": "",
  "advice": "Avoid passing user input to ScriptEngine.eval(). If dynamic evaluation is required, use a sandboxed environment with restricted permissions. Validate input against a strict allowlist of permitted expressions and consider using safer alternatives like expression languages with limited functionality.",
  "vendor": "opengrep"
}
