{
  "id": "java-cors-injection",
  "name": "CORS Injection using Java Servlets",
  "severity": "MEDIUM",
  "category": "Security Error",
  "language": [
    "JAVA"
  ],
  "cwe": [
    "https://cwe.mitre.org/data/definitions/942.html"
  ],
  "description": "CORS injection vulnerability detected. User input is used to set the Access-Control-Allow-Origin header, which could allow malicious domains to access the application. Use a whitelist of allowed origins instead of dynamic values.",
  "risk": "",
  "issue": "",
  "advice": "Replace dynamic Access-Control-Allow-Origin values with a predefined allowlist of trusted domains. Validate the Origin header against this allowlist before setting the response header. Never directly pass user input to setHeader() for CORS headers.",
  "vendor": "opengrep"
}
