{
  "id": "java-hardcoded-google-cloud-api-key",
  "name": "Hardcoded API Key using Google Cloud",
  "severity": "HIGH",
  "category": "Security Error",
  "language": [
    "JAVA"
  ],
  "cwe": [
    "https://cwe.mitre.org/data/definitions/798.html"
  ],
  "description": "Hardcoded Google Cloud API key vulnerability detected. API keys embedded directly in source code can be extracted by attackers through code repository access, reverse engineering, or application memory dumps. This exposes your Google Cloud resources to unauthorized access, potentially leading to data breaches, resource abuse, and unexpected billing charges. Store API keys securely using environment variables (System.getenv()), encrypted configuration files, or dedicated secret management services like Google Secret Manager. Never commit API keys to version control.",
  "risk": "",
  "issue": "",
  "advice": "Store API keys securely using environment variables with System.getenv(\"GOOGLE_API_KEY\") or Google Secret Manager. Never embed API keys directly in source code or commit them to version control. Use encrypted configuration files for additional security.",
  "vendor": "opengrep"
}
