{
  "id": "java-bypass-tls-verification",
  "name": "TLS Certificate Verification Bypass using Java",
  "severity": "MEDIUM",
  "category": "Security Error",
  "language": [
    "JAVA"
  ],
  "cwe": [
    "https://cwe.mitre.org/data/definitions/295.html"
  ],
  "description": "TLS certificate verification bypass detected. This vulnerability allows man-in-the-middle  attacks where attackers can intercept encrypted communications by presenting invalid or  self-signed certificates. Attackers can steal sensitive data, inject malicious content,  or impersonate trusted services. Implement proper certificate validation by: 1) In  X509TrustManager.checkServerTrusted(), validate certificate chains and throw CertificateException  for invalid certificates, 2) In HostnameVerifier.verify(), perform proper hostname verification  against certificate subject/SAN fields, 3) Use default TrustManager and HostnameVerifier  implementations when possible, 4) For TrustStrategy, implement proper certificate validation  logic instead of returning true.",
  "risk": "",
  "issue": "",
  "advice": "Implement proper certificate validation in X509TrustManager.checkServerTrusted() by validating certificate chains and throwing CertificateException for invalid certificates. In HostnameVerifier.verify(), perform hostname verification against certificate subject/SAN fields. Use default TrustManager and HostnameVerifier implementations when possible instead of custom bypasses.",
  "vendor": "opengrep"
}
