{
  "id": "java-struts-dmi-wildcard-action",
  "name": "Dynamic Method Invocation using Struts",
  "severity": "HIGH",
  "category": "Security Warning",
  "language": [
    "GENERIC"
  ],
  "cwe": [
    "https://cwe.mitre.org/data/definitions/20.html"
  ],
  "description": "Struts Dynamic Method Invocation (DMI) vulnerability detected. Action  configurations using exclamation marks (!) enable DMI, which can allow  attackers to invoke unintended methods, bypass security controls, or access  administrative functions. This can lead to unauthorized data access, privilege  escalation, or remote code execution. Replace with explicit action mappings  that specify exact method names and disable DMI globally by setting  struts.enable.DynamicMethodInvocation=false.",
  "risk": "",
  "issue": "",
  "advice": "Disable Dynamic Method Invocation globally by setting struts.enable.DynamicMethodInvocation=false in struts.xml. Replace wildcard action mappings with explicit action definitions that specify exact method names. Use separate action classes or method annotations to control which methods are accessible via web requests.",
  "vendor": "opengrep"
}
