{
  "id": "java-tls-unsafe-renegotiation",
  "name": "Unsafe TLS Renegotiation using Java SSL",
  "severity": "MEDIUM",
  "category": "Security Error",
  "language": [
    "JAVA"
  ],
  "cwe": [
    "https://cwe.mitre.org/data/definitions/319.html"
  ],
  "description": "Unsafe SSL/TLS renegotiation is enabled, which allows man-in-the-middle attacks. Set the system property 'sun.security.ssl.allowUnsafeRenegotiation' to 'false' to disable unsafe renegotiation.",
  "risk": "",
  "issue": "",
  "advice": "Set the system property 'sun.security.ssl.allowUnsafeRenegotiation' to 'false' or remove the property entirely (defaults to false). Use System.setProperty(\"sun.security.ssl.allowUnsafeRenegotiation\", \"false\") to explicitly disable unsafe renegotiation and prevent man-in-the-middle attacks.",
  "vendor": "opengrep"
}
