{
  "id": "java-bcrypt-hash-detected",
  "name": "Hardcoded Credentials using bcrypt",
  "severity": "HIGH",
  "category": "Security Error",
  "language": [
    "JAVA"
  ],
  "cwe": [
    "https://cwe.mitre.org/data/definitions/798.html"
  ],
  "description": "Hardcoded bcrypt password hash detected in source code. Storing password hashes  directly in code creates multiple security risks: the hash is visible to anyone  with code access, it cannot be rotated without code changes, and it may be exposed  in version control history. Attackers who gain access to the codebase can attempt  offline brute-force attacks against the hash. Store password hashes in secure  configuration files, environment variables, or encrypted configuration management  systems instead of hardcoding them in source code.",
  "risk": "",
  "issue": "",
  "advice": "Move bcrypt hashes to secure configuration files, environment variables, or encrypted configuration management systems. Never store password hashes directly in source code. Use secure credential storage solutions that allow hash rotation without code changes.",
  "vendor": "opengrep"
}
