{
  "id": "java-mailgun-api-key-hardcoded",
  "name": "Hardcoded API Key using Mailgun",
  "severity": "HIGH",
  "category": "Security Error",
  "language": [
    "JAVA"
  ],
  "cwe": [
    "https://cwe.mitre.org/data/definitions/798.html"
  ],
  "description": "Hardcoded Mailgun API key vulnerability detected. Embedding API keys directly in source code exposes them to anyone with code access, including version control history, and makes key rotation difficult. Attackers who gain access to hardcoded keys can send emails through your Mailgun account, potentially leading to quota exhaustion, reputation damage, or unauthorized communications. Store API keys in environment variables (System.getenv()), secure configuration files, or dedicated secret management systems instead of hardcoding them.",
  "risk": "",
  "issue": "",
  "advice": "Store Mailgun API keys in environment variables using System.getenv(\"MAILGUN_API_KEY\") or secure configuration files. Use dedicated secret management systems like AWS Secrets Manager or HashiCorp Vault for production environments. Never commit API keys to version control.",
  "vendor": "opengrep"
}
