{
  "id": "java-xxe-transformerfactory-dtd-not-disabled",
  "name": "XXE using TransformerFactory",
  "severity": "HIGH",
  "category": "Security Error",
  "language": [
    "JAVA"
  ],
  "cwe": [
    "https://cwe.mitre.org/data/definitions/611.html"
  ],
  "description": "XML External Entity (XXE) vulnerability in TransformerFactory configuration. Disable external DTD and stylesheet processing by setting ACCESS_EXTERNAL_DTD and ACCESS_EXTERNAL_STYLESHEET attributes to empty strings.",
  "risk": "",
  "issue": "",
  "advice": "Disable external entity processing by setting factory.setAttribute(XMLConstants.ACCESS_EXTERNAL_DTD, \"\") and factory.setAttribute(XMLConstants.ACCESS_EXTERNAL_STYLESHEET, \"\") before calling newTransformer(). Configure these attributes immediately after creating the TransformerFactory instance.",
  "vendor": "opengrep"
}
