{
  "id": "java-infracost-api-token-hardcoded",
  "name": "Hardcoded API Token using Infracost",
  "severity": "HIGH",
  "category": "Security Error",
  "language": [
    "JAVA"
  ],
  "cwe": [
    "https://cwe.mitre.org/data/definitions/798.html"
  ],
  "description": "Hardcoded Infracost API token vulnerability detected. API tokens embedded directly in source code can be extracted by anyone with access to the codebase, version control history, or compiled artifacts, leading to unauthorized access to Infracost services and potential cost manipulation or infrastructure data exposure. Store credentials securely using environment variables (System.getenv(\"INFRACOST_API_TOKEN\")), Java system properties, or a dedicated credential management system like AWS Secrets Manager, Azure Key Vault, or HashiCorp Vault.",
  "risk": "",
  "issue": "",
  "advice": "Replace hardcoded API tokens with environment variables using System.getenv(\"INFRACOST_API_TOKEN\") or secure credential management systems like AWS Secrets Manager or HashiCorp Vault. Never commit API tokens to version control or embed them in source code.",
  "vendor": "opengrep"
}
