{
  "id": "java-ftp-cleartext-connection",
  "name": "Cleartext FTP Connection using Java",
  "severity": "MEDIUM",
  "category": "Security Warning",
  "language": [
    "JAVA"
  ],
  "cwe": [
    "https://cwe.mitre.org/data/definitions/319.html"
  ],
  "description": "Cleartext FTP connection vulnerability detected. FTP transmits data, including credentials, in plaintext over the network, allowing attackers to intercept sensitive information through network sniffing or man-in-the-middle attacks. This can lead to credential theft, data exposure, and unauthorized access to file systems. Use SFTP (SSH File Transfer Protocol) or FTPS (FTP over SSL/TLS) instead to encrypt all data in transit. Replace FTPClient with secure alternatives like JSch for SFTP or FTPSClient for FTPS.",
  "risk": "",
  "issue": "",
  "advice": "Replace FTPClient with secure alternatives like JSch for SFTP or FTPSClient for FTPS to encrypt all data in transit. For URL connections, use ftps:// or sftp:// protocols instead of ftp://. Always validate server certificates when using encrypted connections.",
  "vendor": "opengrep"
}
