{
  "id": "java-xxe-xmlinputfactory",
  "name": "XXE using XMLInputFactory",
  "severity": "HIGH",
  "category": "Security Error",
  "language": [
    "JAVA"
  ],
  "cwe": [
    "https://cwe.mitre.org/data/definitions/611.html"
  ],
  "description": "XML External Entity (XXE) vulnerability in XMLInputFactory. The parser is created and used without proper XXE protection, allowing attackers to read arbitrary files, perform Server-Side Request Forgery (SSRF), or cause denial of service through XML entity expansion. Configure security by setting setProperty(\"javax.xml.stream.isSupportingExternalEntities\", false) or setProperty(XMLInputFactory.IS_SUPPORTING_EXTERNAL_ENTITIES, false).",
  "risk": "",
  "issue": "",
  "advice": "Disable external entity processing by setting factory.setProperty(XMLInputFactory.IS_SUPPORTING_EXTERNAL_ENTITIES, false) and factory.setProperty(XMLInputFactory.SUPPORT_DTD, false). Configure these properties immediately after creating the XMLInputFactory instance and before calling createXMLStreamReader() or createXMLEventReader().",
  "vendor": "opengrep"
}
