{
  "id": "java-jakarta-mail-internetaddress-single-arg-validator",
  "name": "",
  "severity": "HIGH",
  "category": "Security Warning",
  "language": [
    "JAVA"
  ],
  "cwe": [],
  "description": "Insufficient email validation. InternetAddress single-argument constructor provides basic  RFC compliance parsing but accepts complex email syntax that may bypass application-level  validation. Attackers can use encoded names, comments, or complex addressing to bypass  domain checks or trust decisions. Ensure domain extraction and trust decisions use proper  email canonicalization and are not based solely on constructor success.",
  "risk": "",
  "issue": "",
  "advice": "",
  "vendor": "opengrep"
}
