{
  "id": "java-jaxrs-path-traversal",
  "name": "Path Traversal using JAX-RS",
  "severity": "HIGH",
  "category": "Security Error",
  "language": [
    "JAVA"
  ],
  "cwe": [
    "https://cwe.mitre.org/data/definitions/22.html"
  ],
  "description": "Path traversal vulnerability in JAX-RS endpoint. Sanitize user-controlled path parameters before using them in file operations, or use FilenameUtils.getName() to extract only the filename.",
  "risk": "",
  "issue": "",
  "advice": "Sanitize @PathParam values before file operations using FilenameUtils.getName() to extract only the filename. Validate paths against an allowlist of permitted directories. Use Path.normalize() and verify the resolved path stays within expected boundaries.",
  "vendor": "opengrep"
}
