{
  "id": "java-unsafe-tls-renegotiation",
  "name": "Unsafe TLS Renegotiation using Java SSL",
  "severity": "MEDIUM",
  "category": "Security Error",
  "language": [
    "JAVA"
  ],
  "cwe": [
    "https://cwe.mitre.org/data/definitions/319.html"
  ],
  "description": "Unsafe TLS renegotiation enabled, making the application vulnerable to man-in-the-middle attacks where chosen plaintext can be injected as a prefix to a TLS connection. Remove this system property or set it to false to disable unsafe renegotiation.",
  "risk": "",
  "issue": "",
  "advice": "Remove the system property sun.security.ssl.allowUnsafeRenegotiation or explicitly set it to false. Use secure TLS configurations that disable unsafe renegotiation by default. Consider upgrading to newer TLS versions that handle renegotiation more securely.",
  "vendor": "opengrep"
}
