{
  "id": "java-grafana-api-key-hardcoded",
  "name": "Hardcoded API Key using Grafana",
  "severity": "HIGH",
  "category": "Security Error",
  "language": [
    "JAVA"
  ],
  "cwe": [
    "https://cwe.mitre.org/data/definitions/798.html"
  ],
  "description": "Hardcoded Grafana API key detected in source code. Embedding API keys directly in code creates security risks as they can be exposed through version control, logs, or code sharing. Attackers with access to these keys can query Grafana dashboards, modify configurations, or access sensitive monitoring data. Store API keys in environment variables, secure configuration management systems like HashiCorp Vault, or use Java system properties loaded at runtime instead of hardcoding them in source files.",
  "risk": "",
  "issue": "",
  "advice": "Store Grafana API keys in environment variables or secure configuration management systems like HashiCorp Vault. Load keys at runtime using System.getProperty() or configuration files outside the codebase. Never commit API keys to version control systems.",
  "vendor": "opengrep"
}
