{
  "id": "java-snakeyaml-unsafe-constructor",
  "name": "Unsafe Deserialization using SnakeYAML",
  "severity": "HIGH",
  "category": "Security Error",
  "language": [
    "JAVA"
  ],
  "cwe": [
    "https://cwe.mitre.org/data/definitions/502.html"
  ],
  "description": "Unsafe SnakeYAML deserialization detected using parameterless Yaml() constructor. Use SafeConstructor or a custom Constructor to prevent deserialization attacks.",
  "risk": "",
  "issue": "",
  "advice": "Use SafeConstructor when creating Yaml instances: new Yaml(new SafeConstructor()). For custom types, create a custom Constructor with explicit type mappings. Never use the parameterless Yaml() constructor with untrusted input.",
  "vendor": "opengrep"
}
