{
  "id": "java-http-cleartext-transmission",
  "name": "Cleartext Transmission using Apache HttpClient",
  "severity": "MEDIUM",
  "category": "Security Error",
  "language": [
    "JAVA"
  ],
  "cwe": [
    "https://cwe.mitre.org/data/definitions/319.html"
  ],
  "description": "HTTP request detected which transmits data in cleartext. Use HTTPS to encrypt data in transit and protect against interception.",
  "risk": "",
  "issue": "",
  "advice": "Replace HTTP URLs with HTTPS to encrypt data in transit. Update connection strings from 'http://' to 'https://'. Configure SSL/TLS properly and validate certificates to prevent man-in-the-middle attacks.",
  "vendor": "opengrep"
}
