{
  "id": "java-snakeyaml-unsafe-deserialization",
  "name": "Unsafe Deserialization using SnakeYAML",
  "severity": "HIGH",
  "category": "Security Error",
  "language": [
    "JAVA"
  ],
  "cwe": [
    "https://cwe.mitre.org/data/definitions/502.html"
  ],
  "description": "Unsafe SnakeYAML deserialization detected. Use SafeConstructor or Constructor with specific target class to prevent arbitrary code execution.",
  "risk": "",
  "issue": "",
  "advice": "Use SafeConstructor when creating Yaml instances: new Yaml(new SafeConstructor()). For specific classes, use Constructor with target class: new Yaml(new Constructor(MyClass.class)). Never use default Yaml() constructor with untrusted input as it allows arbitrary code execution.",
  "vendor": "opengrep"
}
