{
  "id": "java-codecov-access-token",
  "name": "Hardcoded Codecov Token",
  "severity": "HIGH",
  "category": "Security Error",
  "language": [
    "JAVA"
  ],
  "cwe": [
    "https://cwe.mitre.org/data/definitions/798.html"
  ],
  "description": "Hardcoded Codecov access token detected in source code. Exposed Codecov tokens allow attackers to access your code coverage reports, potentially revealing sensitive information about your codebase structure, test coverage gaps, and CI/CD pipeline details. This can aid in targeted attacks and reconnaissance. Store credentials in environment variables, use CI/CD secret management systems, or configure Codecov through secure configuration files with proper access controls instead of hardcoding tokens in source code.",
  "risk": "",
  "issue": "",
  "advice": "Store Codecov tokens in environment variables or CI/CD secret management systems instead of hardcoding them. Use System.getenv(\"CODECOV_TOKEN\") to retrieve the token at runtime. Configure proper access controls and rotate tokens regularly.",
  "vendor": "opengrep"
}
