{
  "id": "java-prefect-api-token",
  "name": "Hardcoded Credentials using Prefect",
  "severity": "HIGH",
  "category": "Security Error",
  "language": [
    "JAVA"
  ],
  "cwe": [
    "https://cwe.mitre.org/data/definitions/798.html"
  ],
  "description": "Hardcoded Prefect API token detected in source code. Embedding credentials directly in code creates security risks including credential exposure in version control, logs, and compiled artifacts. Attackers who gain access to the codebase can use these tokens to access Prefect workflows, modify deployments, or extract sensitive data. Store Prefect API tokens in environment variables (PREFECT_API_KEY), secure configuration files, or credential management systems like HashiCorp Vault or AWS Secrets Manager instead of hardcoding them.",
  "risk": "",
  "issue": "",
  "advice": "Store Prefect API tokens in environment variables (PREFECT_API_KEY) or secure credential management systems like HashiCorp Vault or AWS Secrets Manager. Never hardcode tokens in source code as they can be exposed in version control and logs.",
  "vendor": "opengrep"
}
