{
  "id": "java-jdbc-sqli",
  "name": "SQL Injection using JDBC",
  "severity": "HIGH",
  "category": "Security Error",
  "language": [
    "JAVA"
  ],
  "cwe": [
    "https://cwe.mitre.org/data/definitions/89.html"
  ],
  "description": "SQL injection vulnerability detected in JDBC Statement usage with string concatenation or formatting.  Use PreparedStatement with parameterized queries instead of concatenating user input into SQL strings.",
  "risk": "",
  "issue": "",
  "advice": "Replace Statement with PreparedStatement and use parameterized queries with setString(), setInt(), etc. Never concatenate user input into SQL strings. Use connection.prepareStatement(sql) and set parameters via prepared statement methods.",
  "vendor": "opengrep"
}
