{
  "id": "java-x-forwarded-for-header-trust",
  "name": "Header Injection using Servlet API",
  "severity": "HIGH",
  "category": "Security Warning",
  "language": [
    "JAVA"
  ],
  "cwe": [
    "https://cwe.mitre.org/data/definitions/20.html"
  ],
  "description": "Untrusted X-Forwarded-For header usage detected. The X-Forwarded-For header can be easily  spoofed by malicious clients to bypass IP-based security controls, impersonate other users,  or circumvent rate limiting and geolocation restrictions. Attackers can inject arbitrary IP  addresses to evade detection or gain unauthorized access. Instead of trusting this header  directly, validate it against a whitelist of trusted proxy IPs, use multiple validation  layers, or rely on server-side connection information (getRemoteAddr()) when possible.",
  "risk": "",
  "issue": "",
  "advice": "Validate X-Forwarded-For headers against a whitelist of trusted proxy IPs before use. Use request.getRemoteAddr() for direct client IP when possible. Implement multiple validation layers and never trust forwarded headers for critical security decisions without verification.",
  "vendor": "opengrep"
}
