{
  "id": "java-ftp-cleartext-transport",
  "name": "Cleartext FTP Transport using Apache Commons",
  "severity": "MEDIUM",
  "category": "Security Error",
  "language": [
    "JAVA"
  ],
  "cwe": [
    "https://cwe.mitre.org/data/definitions/319.html"
  ],
  "description": "Cleartext FTP transmission vulnerability detected. FTP transmits data, including credentials, in plaintext over the network, allowing attackers to intercept sensitive information through network sniffing or man-in-the-middle attacks. This can lead to credential theft, data exposure, and unauthorized access to file systems. Use FTPS (FTP over TLS/SSL) with proper certificate validation or SFTP (SSH File Transfer Protocol) instead. For Apache Commons Net, use FTPSClient with setAuthValue() and execPROT() methods to ensure encryption.",
  "risk": "",
  "issue": "",
  "advice": "Replace FTPClient with FTPSClient for encrypted connections. Use setAuthValue(\"TLS\") and execPROT(\"P\") to enable encryption. Alternatively, use SFTP with proper SSH libraries for secure file transfers.",
  "vendor": "opengrep"
}
