{
  "id": "java-xxe-documentbuilderfactory-disallow-doctype-decl-false",
  "name": "XXE using DocumentBuilderFactory",
  "severity": "HIGH",
  "category": "Security Error",
  "language": [
    "JAVA"
  ],
  "cwe": [
    "https://cwe.mitre.org/data/definitions/611.html"
  ],
  "description": "XML External Entity (XXE) vulnerability detected. DocumentBuilderFactory has DOCTYPE declarations enabled without proper external entity restrictions. Set \"http://apache.org/xml/features/disallow-doctype-decl\" to true, or alternatively set both \"http://xml.org/sax/features/external-general-entities\" and \"http://xml.org/sax/features/external-parameter-entities\" to false.",
  "risk": "",
  "issue": "",
  "advice": "Set DocumentBuilderFactory.setFeature(\"http://apache.org/xml/features/disallow-doctype-decl\", true) to completely disable DOCTYPE declarations. Alternatively, disable external entities by setting both \"http://xml.org/sax/features/external-general-entities\" and \"http://xml.org/sax/features/external-parameter-entities\" to false.",
  "vendor": "opengrep"
}
