{
  "id": "java-spring-simplemailmessage-setfrom-raw",
  "name": "",
  "severity": "HIGH",
  "category": "Security Warning",
  "language": [
    "JAVA"
  ],
  "cwe": [],
  "description": "Email header injection vulnerability. SimpleMailMessage setFrom() accepts raw email strings  that may contain encoded names, comments, or complex email syntax that can bypass validation.  Attackers can inject additional headers or spoof sender information using RFC-compliant but  complex email formats. Validate and sanitize email addresses before calling setFrom(),  and consider using InternetAddress parsing with validation to ensure clean email format.",
  "risk": "",
  "issue": "",
  "advice": "",
  "vendor": "opengrep"
}
