{
  "id": "java-algolia-hardcoded-api-key",
  "name": "Hardcoded API Key using Algolia",
  "severity": "HIGH",
  "category": "Security Error",
  "language": [
    "JAVA"
  ],
  "cwe": [
    "https://cwe.mitre.org/data/definitions/798.html"
  ],
  "description": "Hardcoded Algolia API key vulnerability detected. Embedding API keys directly in source code exposes them to anyone with code access, including version control history, logs, and compiled artifacts. Attackers can use exposed keys to access your Algolia service, manipulate search indices, or incur charges on your account. Store API keys in environment variables, system properties, or a secure configuration management system like AWS Secrets Manager or HashiCorp Vault. Use System.getenv(\"ALGOLIA_API_KEY\") or @Value(\"${algolia.api.key}\") with Spring instead of hardcoded strings.",
  "risk": "",
  "issue": "",
  "advice": "Store Algolia API keys in environment variables or secure configuration systems like AWS Secrets Manager. Use System.getenv(\"ALGOLIA_API_KEY\") or Spring's @Value(\"${algolia.api.key}\") instead of hardcoded strings. Never commit API keys to version control.",
  "vendor": "opengrep"
}
