{
  "id": "java-jakarta-mail-mimemessage-newsgroups-recipients",
  "name": "",
  "severity": "HIGH",
  "category": "Security Warning",
  "language": [
    "JAVA"
  ],
  "cwe": [],
  "description": "Newsgroup address parsing vulnerability. MimeMessage newsgroups recipients are parsed via  NewsAddress which silently normalizes malformed values and may accept complex addressing syntax.  Attackers can use this to bypass validation or inject malicious newsgroup addresses.  Review how this data is used for security decisions and implement additional validation  for newsgroup addresses before using them in security-sensitive operations.",
  "risk": "",
  "issue": "",
  "advice": "",
  "vendor": "opengrep"
}
