{
  "id": "java-xstream-unsafe-deserialization",
  "name": "Unsafe Deserialization using XStream",
  "severity": "HIGH",
  "category": "Security Error",
  "language": [
    "JAVA"
  ],
  "cwe": [
    "https://cwe.mitre.org/data/definitions/502.html"
  ],
  "description": "Unsafe XML deserialization detected with XStream. Configure XStream with security restrictions using allowTypes() or processAnnotations(), or validate input from trusted sources only.",
  "risk": "",
  "issue": "",
  "advice": "Configure XStream with security restrictions using allowTypes() to whitelist safe classes or processAnnotations() with @XStreamAlias. Never deserialize untrusted XML without validation. Consider using safer alternatives like JSON with Jackson for data exchange.",
  "vendor": "opengrep"
}
