{
  "id": "java-facebook-oauth-token-hardcoded",
  "name": "Hardcoded Facebook OAuth Token",
  "severity": "HIGH",
  "category": "Security Error",
  "language": [
    "JAVA"
  ],
  "cwe": [
    "https://cwe.mitre.org/data/definitions/798.html"
  ],
  "description": "Hardcoded Facebook OAuth token vulnerability detected. Embedding authentication tokens directly in source code exposes them to anyone with code access, including version control history, leading to unauthorized API access, data theft, and account compromise. Attackers can use exposed tokens to impersonate the application, access user data, or perform actions on behalf of users. Store tokens securely using environment variables (System.getenv()), encrypted configuration files, or dedicated secrets management systems like AWS Secrets Manager, Azure Key Vault, or HashiCorp Vault. Never commit tokens to version control.",
  "risk": "",
  "issue": "",
  "advice": "Store Facebook OAuth tokens in environment variables using System.getenv() or secure configuration management systems like AWS Secrets Manager or HashiCorp Vault. Never hardcode tokens in source code or commit them to version control. Use encrypted configuration files for local development with proper key rotation policies.",
  "vendor": "opengrep"
}
