{
  "id": "java-crypto-ecb-mode",
  "name": "Insecure ECB Cipher Mode",
  "severity": "MEDIUM",
  "category": "Security Error",
  "language": [
    "JAVA"
  ],
  "cwe": [
    "https://cwe.mitre.org/data/definitions/327.html"
  ],
  "description": "ECB (Electronic Codebook) cipher mode detected. ECB mode is insecure because identical plaintext blocks produce identical ciphertext blocks, allowing attackers to detect patterns and potentially replay data. Use a secure mode like GCM (with authentication) or CBC (with proper IV handling) instead. Recommended: AES/GCM/NoPadding or AES/CBC/PKCS5Padding.",
  "risk": "",
  "issue": "",
  "advice": "Replace ECB mode with a secure cipher mode. Use AES/GCM/NoPadding for authenticated encryption or AES/CBC/PKCS5Padding with a random IV. Never use Cipher.getInstance(\"AES\") without specifying the mode.",
  "vendor": "opengrep"
}
