{
  "id": "java-cookie-secure-missing",
  "name": "Insecure Cookie using Java Servlet",
  "severity": "MEDIUM",
  "category": "Security Warning",
  "language": [
    "JAVA"
  ],
  "cwe": [
    "https://cwe.mitre.org/data/definitions/319.html"
  ],
  "description": "Cookie security vulnerability: Cookie created without secure flag. Cookies without the secure flag can be transmitted over unencrypted HTTP connections, allowing attackers to intercept session tokens through man-in-the-middle attacks, packet sniffing, or network eavesdropping. This can lead to session hijacking and unauthorized access to user accounts. Always call setSecure(true) on cookies containing sensitive data to ensure they are only transmitted over HTTPS connections.",
  "risk": "",
  "issue": "",
  "advice": "Always call setSecure(true) on cookies containing sensitive data immediately after creation. This ensures cookies are only transmitted over HTTPS connections, preventing interception through man-in-the-middle attacks.",
  "vendor": "opengrep"
}
