{
  "id": "java-jpa-sqli",
  "name": "SQL Injection using JPA",
  "severity": "HIGH",
  "category": "Security Error",
  "language": [
    "JAVA"
  ],
  "cwe": [
    "https://cwe.mitre.org/data/definitions/89.html"
  ],
  "description": "SQL injection vulnerability detected in JPA query method. Use parameterized queries with named or positional parameters instead of string concatenation or formatting.",
  "risk": "",
  "issue": "",
  "advice": "Replace string concatenation in JPA queries with named or positional parameters using query.setParameter(). Use TypedQuery for type safety. Never concatenate user input directly into createQuery() or createNativeQuery() methods.",
  "vendor": "opengrep"
}
