{
  "id": "java-sonarqube-api-key",
  "name": "Hardcoded SonarQube API Key",
  "severity": "HIGH",
  "category": "Security Error",
  "language": [
    "JAVA"
  ],
  "cwe": [
    "https://cwe.mitre.org/data/definitions/798.html"
  ],
  "description": "SonarQube API key hardcoded in source code. Hardcoded credentials pose significant security risks as they can be discovered through source code analysis, version control history, or binary reverse engineering. Attackers with access to SonarQube API keys can view code quality metrics, access project configurations, modify quality gates, and potentially access sensitive code analysis data. Store API keys in environment variables (System.getenv(\"SONAR_TOKEN\")), secure configuration files, or use a secrets management service like HashiCorp Vault or AWS Secrets Manager instead of hardcoding them in source code.",
  "risk": "",
  "issue": "",
  "advice": "Store SonarQube API keys in environment variables using System.getenv(\"SONAR_TOKEN\") or secure configuration files. Use secrets management services like HashiCorp Vault or AWS Secrets Manager. Never hardcode API keys in source code where they can be discovered through code analysis or version control history.",
  "vendor": "opengrep"
}
