{
  "id": "java-hardcoded-google-api-key",
  "name": "Hardcoded Google API Key using Java",
  "severity": "HIGH",
  "category": "Security Error",
  "language": [
    "JAVA"
  ],
  "cwe": [
    "https://cwe.mitre.org/data/definitions/798.html"
  ],
  "description": "Hardcoded Google API key detected. This exposes your application to several security risks: attackers can steal and misuse your API quota, access Google services under your account, potentially access sensitive data, and incur unexpected charges. Store API keys securely using environment variables (System.getenv(\"GOOGLE_API_KEY\")), configuration files outside version control, or secure key management services like AWS Secrets Manager or HashiCorp Vault. Never commit API keys to source code repositories.",
  "risk": "",
  "issue": "",
  "advice": "Store Google API keys in environment variables using System.getenv() or secure key management services like AWS Secrets Manager. Use configuration files outside version control for non-production environments. Never hardcode API keys in source code as they can be extracted and misused by attackers.",
  "vendor": "opengrep"
}
