{
  "id": "java-command-injection-exec",
  "name": "Command Injection using Java Runtime",
  "severity": "HIGH",
  "category": "Security Error",
  "language": [
    "JAVA"
  ],
  "cwe": [
    "https://cwe.mitre.org/data/definitions/78.html"
  ],
  "description": "Command injection vulnerability detected. Avoid executing system commands with user-controlled input or use safer alternatives like ProcessBuilder with fixed command arguments.",
  "risk": "",
  "issue": "",
  "advice": "Replace direct command execution with ProcessBuilder using argument arrays: new ProcessBuilder(\"cmd\", arg1, arg2). This prevents shell interpretation of user input. Validate all input against a strict allowlist and avoid shell metacharacters entirely.",
  "vendor": "opengrep"
}
