{
  "id": "java-unirest-http-request",
  "name": "Unencrypted HTTP Request using Unirest",
  "severity": "MEDIUM",
  "category": "Security Warning",
  "language": [
    "JAVA"
  ],
  "cwe": [
    "https://cwe.mitre.org/data/definitions/319.html"
  ],
  "description": "Unencrypted HTTP request detected. HTTP traffic is transmitted in plaintext, allowing attackers to intercept sensitive data through man-in-the-middle attacks, packet sniffing, or network eavesdropping. This can expose authentication credentials, personal information, and business data. Use HTTPS URLs instead of HTTP to ensure all traffic is encrypted with TLS/SSL protection.",
  "risk": "",
  "issue": "",
  "advice": "Replace HTTP URLs with HTTPS URLs in all Unirest method calls to ensure encrypted communication. Use https:// instead of http:// for all external API calls and web requests. Validate that all sensitive data transmission occurs over TLS-encrypted connections.",
  "vendor": "opengrep"
}
