{
  "id": "java-ssrf-manual-url-construction",
  "name": "SSRF using Manual URL Construction",
  "severity": "MEDIUM",
  "category": "Security Error",
  "language": [
    "JAVA"
  ],
  "cwe": [
    "https://cwe.mitre.org/data/definitions/918.html"
  ],
  "description": "Server-side request forgery (SSRF) vulnerability detected in manually constructed URL. Use an allowlist of approved URLs or ensure user input only affects the path or query parameters, not the host portion.",
  "risk": "",
  "issue": "",
  "advice": "Use an allowlist of approved URLs or domains before creating URL objects. Restrict user input to only affect path or query parameters, never the host portion. Consider using URI validation libraries to parse and validate URLs safely.",
  "vendor": "opengrep"
}
