{
  "id": "java-xxe-external-general-entities-enabled",
  "name": "XXE using Java XML Parser",
  "severity": "HIGH",
  "category": "Security Error",
  "language": [
    "JAVA"
  ],
  "cwe": [
    "https://cwe.mitre.org/data/definitions/611.html"
  ],
  "description": "XML External Entity (XXE) vulnerability detected. The XML parser is configured to allow external general entities, which can lead to information disclosure or server-side request forgery. Disable external general entities by setting the feature \"http://xml.org/sax/features/external-general-entities\" to false.",
  "risk": "",
  "issue": "",
  "advice": "Set the external-general-entities feature to false: parser.setFeature(\"http://xml.org/sax/features/external-general-entities\", false). Also disable external-parameter-entities and load-external-dtd features. Use secure XML parsing libraries that disable external entities by default.",
  "vendor": "opengrep"
}
