{
  "id": "java-telnet-insecure-connection",
  "name": "Insecure Communication using Telnet",
  "severity": "MEDIUM",
  "category": "Security Error",
  "language": [
    "JAVA"
  ],
  "cwe": [
    "https://cwe.mitre.org/data/definitions/319.html"
  ],
  "description": "Insecure telnet connection vulnerability. Telnet transmits all data including credentials in cleartext, allowing attackers to intercept sensitive information through network eavesdropping or man-in-the-middle attacks. This can lead to credential theft and unauthorized system access. Replace telnet with SSH (SSHClient) or wrap the connection with TLS encryption to protect data in transit.",
  "risk": "",
  "issue": "",
  "advice": "Replace TelnetClient with SSHClient from JSch or Apache MINA SSHD libraries for encrypted connections. If telnet must be used, wrap the connection with TLS/SSL encryption. Always use secure protocols that encrypt data in transit to prevent credential theft and eavesdropping.",
  "vendor": "opengrep"
}
