{
  "id": "java-typeform-api-token-exposure",
  "name": "Hardcoded API Token using Typeform",
  "severity": "HIGH",
  "category": "Security Error",
  "language": [
    "JAVA"
  ],
  "cwe": [
    "https://cwe.mitre.org/data/definitions/798.html"
  ],
  "description": "Hardcoded Typeform API token vulnerability detected. Embedding API tokens directly in source code exposes sensitive credentials to anyone with code access, including version control history. Attackers can use these tokens to access Typeform APIs, potentially stealing form data, responses, or performing unauthorized operations on your account. Store credentials securely using environment variables (System.getenv(\"TYPEFORM_API_TOKEN\")) or a secure vault service instead of hardcoding them.",
  "risk": "",
  "issue": "",
  "advice": "Replace hardcoded Typeform API tokens with environment variables using System.getenv(\"TYPEFORM_API_TOKEN\"). Store credentials in secure configuration management or vault services. Never commit API tokens to version control systems.",
  "vendor": "opengrep"
}
