{
  "id": "yaml-spring-actuator-fully-enabled",
  "name": "Information Disclosure using Spring Boot",
  "severity": "MEDIUM",
  "category": "Security Error",
  "language": [
    "YAML"
  ],
  "cwe": [
    "https://cwe.mitre.org/data/definitions/200.html"
  ],
  "description": "Spring Boot Actuator is fully enabled, exposing sensitive endpoints like /actuator/env, /actuator/logfile, and /actuator/heapdump without authentication. Configure Spring Security or restrict endpoint exposure using specific endpoint names instead of wildcards.",
  "risk": "",
  "issue": "",
  "advice": "Replace 'include: \"*\"' with specific endpoint names like 'include: health,info'. Enable Spring Security to protect sensitive endpoints. Use management.endpoints.web.base-path to change the default /actuator path.",
  "vendor": "opengrep"
}
